id,ts,target_ts,input_cpu,input_ram,input_rps,predicted_cpu,actual_cpu,horizon_seconds,model_version
611,2026-03-26 21:53:10.069120+00:00,2026-03-26 21:54:10.069120+00:00,0.0023875533587956,48.49609375,0.32,0.0035646101220807,0.0018102277366959,60,v20260326-204532-4583
612,2026-03-26 21:53:25.168344+00:00,2026-03-26 21:54:25.168344+00:00,0.0025043664655486,48.49609375,0.28,0.003438331918254,0.0024899191114328,60,v20260326-204532-4583
613,2026-03-26 21:53:30.060313+00:00,2026-03-26 21:54:30.060313+00:00,0.0016180711733909,48.49609375,0.32,0.0038304495270738,0.0023417721518921,60,v20260326-204532-4583
614,2026-03-26 21:53:35.061684+00:00,2026-03-26 21:54:35.061684+00:00,0.0024443648733285,48.49609375,0.28,0.0039565696464184,0.0023417721518921,60,v20260326-204532-4583
615,2026-03-26 21:53:40.059029+00:00,2026-03-26 21:54:40.059029+00:00,0.0016173140184378,48.49609375,0.32,0.0040972652551483,0.0014687594936667,60,v20260326-204532-4583
616,2026-03-26 21:53:45.059920+00:00,2026-03-26 21:54:45.059920+00:00,0.0024098031841558,48.49609375,0.28,0.0033386365549765,0.0485164769322933,60,v20260326-204532-4583
617,2026-03-26 21:53:50.058861+00:00,2026-03-26 21:54:50.058861+00:00,0.0024098031841558,48.49609375,0.32,0.0037882304915354,0.0485164769322933,60,v20260326-204532-4583
618,2026-03-26 21:54:05.132909+00:00,2026-03-26 21:55:05.132909+00:00,0.0025978536726962,48.49609375,0.28,0.0033390851639174,0.0519569661786949,60,v20260326-204532-4583
619,2026-03-26 21:54:10.069079+00:00,2026-03-26 21:55:10.069079+00:00,0.0018102277366959,48.49609375,0.32,0.0025392063509679,0.0466438901795801,60,v20260326-204532-4583
620,2026-03-26 21:54:15.102948+00:00,2026-03-26 21:55:15.102948+00:00,0.0024899191114328,48.49609375,0.28,0.0024191439568842,0.0466438901795801,60,v20260326-204532-4583
621,2026-03-26 21:54:20.054367+00:00,2026-03-26 21:55:20.054367+00:00,0.0024899191114328,48.49609375,0.32,0.0028730079066444,0.0361300285898249,60,v20260326-204532-4583
622,2026-03-26 21:54:35.152755+00:00,2026-03-26 21:55:35.152755+00:00,0.0023417721518921,48.49609375,0.52,0.0055315265323386,0.0532892112420599,60,v20260326-204532-4583
623,2026-03-26 21:54:40.066919+00:00,2026-03-26 21:55:40.066919+00:00,0.0014687594936667,48.49609375,0.8,0.0065713139841401,0.0532892112420599,60,v20260326-204532-4583
624,2026-03-26 21:54:45.074137+00:00,2026-03-26 21:55:45.074137+00:00,0.0485164769322933,48.99609375,0.92,0.0775446533392523,0.0532892112420599,60,v20260326-204532-4583
625,2026-03-26 21:54:50.079358+00:00,2026-03-26 21:55:50.079358+00:00,0.0485164769322933,48.99609375,1.16,0.0737812436564065,0.0494122110588187,60,v20260326-204532-4583
626,2026-03-26 21:55:05.137096+00:00,2026-03-26 21:56:05.137096+00:00,0.0519569661786949,49.23828125,1.24,0.0654584930360975,0.0467050118389825,60,v20260326-204532-4583
627,2026-03-26 21:55:15.136956+00:00,2026-03-26 21:56:15.136956+00:00,0.0466438901795801,48.5078125,1.28,0.0583176682911536,0.0467050118389825,60,v20260326-204532-4583
628,2026-03-26 21:55:20.072656+00:00,2026-03-26 21:56:20.072656+00:00,0.0361300285898249,48.5078125,1.32,0.0575080185442653,0.0565543904055985,60,v20260326-204532-4583
629,2026-03-26 21:55:25.073033+00:00,2026-03-26 21:56:25.073033+00:00,0.0554461745178625,48.75,1.2000000000000002,0.0475863103529921,0.0565543904055985,60,v20260326-204532-4583
630,2026-03-26 21:55:30.066989+00:00,2026-03-26 21:56:30.066989+00:00,0.0388271078090419,48.75,1.2,0.0432082543881207,0.0548469919837976,60,v20260326-204532-4583
631,2026-03-26 21:55:35.039809+00:00,2026-03-26 21:56:35.039809+00:00,0.0532892112420599,49.25,1.16,0.0482348818192067,0.0548469919837976,60,v20260326-204532-4583
632,2026-03-26 21:55:40.073596+00:00,2026-03-26 21:56:40.073596+00:00,0.0532892112420599,49.25,1.16,0.0518910076260389,0.0404194907424596,60,v20260326-204532-4583
633,2026-03-26 21:55:55.172366+00:00,2026-03-26 21:56:55.172366+00:00,0.0494122110588187,49.24609375,1.12,0.0521143942279412,0.828491136874383,60,v20260326-204532-4583
634,2026-03-26 21:56:05.089194+00:00,2026-03-26 21:57:05.089194+00:00,0.0467050118389825,48.5,1.12,0.0570884737982469,1.3144151609174368,60,v20260326-204532-4583
635,2026-03-26 21:56:10.077469+00:00,2026-03-26 21:57:10.077469+00:00,0.0467050118389825,48.5,1.2,0.0610941516035027,1.3680718005365384,60,v20260326-204532-4583
636,2026-03-26 21:56:25.150241+00:00,2026-03-26 21:57:25.150241+00:00,0.0565543904055985,48.50390625,1.24,0.063263784490592,1.3680718005365384,60,v20260326-204532-4583
637,2026-03-26 21:56:35.124778+00:00,2026-03-26 21:57:35.124778+00:00,0.0548469919837976,48.74609375,5.880000000000001,0.2610614423875099,1.3616585844852194,60,v20260326-204532-4583
638,2026-03-26 21:56:40.079811+00:00,2026-03-26 21:57:40.079811+00:00,0.0404194907424596,48.74609375,10.4,0.1660850063859521,1.3205880065377966,60,v20260326-204532-4583
639,2026-03-26 21:56:45.075697+00:00,2026-03-26 21:57:45.075697+00:00,1.2665478040272873,50.33984375,14.92,1.569622744513538,1.3205880065377966,60,v20260326-204532-4583
640,2026-03-26 21:56:50.082780+00:00,2026-03-26 21:57:50.082780+00:00,1.2665478040272873,50.33984375,19.32,1.5729439453665506,1.3205880065377966,60,v20260326-204532-4583
641,2026-03-26 21:56:55.046975+00:00,2026-03-26 21:57:55.046975+00:00,0.828491136874383,50.33984375,23.72,1.6623568043844126,1.3205880065377966,60,v20260326-204532-4583
642,2026-03-26 21:57:05.109009+00:00,2026-03-26 21:58:05.109009+00:00,1.3144151609174368,50.0859375,23.4,1.2699760122287682,1.35245090664122,60,v20260326-204532-4583
643,2026-03-26 21:57:15.170210+00:00,2026-03-26 21:58:15.170210+00:00,1.3680718005365384,49.1171875,23.48,1.265589073129267,1.324245870693722,60,v20260326-204532-4583
644,2026-03-26 21:57:20.078175+00:00,2026-03-26 21:58:20.078175+00:00,1.3680718005365384,49.1171875,23.64,1.3506915515346685,1.324245870693722,60,v20260326-204532-4583
645,2026-03-26 21:57:35.138855+00:00,2026-03-26 21:58:35.138855+00:00,1.3616585844852194,50.34765625,23.08,1.342332485200474,1.318021918132802,60,v20260326-204532-4583
646,2026-03-26 21:57:45.120179+00:00,2026-03-26 21:58:45.120179+00:00,1.3205880065377966,50.12109375,23.12,1.3341219505392394,0.3219369273252284,60,v20260326-204532-4583
647,2026-03-26 21:57:50.103151+00:00,2026-03-26 21:58:50.103151+00:00,1.3205880065377966,50.12109375,23.36,1.3574265614529717,0.3219369273252284,60,v20260326-204532-4583
648,2026-03-26 21:58:05.151085+00:00,2026-03-26 21:59:05.151085+00:00,1.35245090664122,50.58984375,23.880000000000003,1.480223425386171,0.2574064071809855,60,v20260326-204532-4583
649,2026-03-26 21:58:15.112729+00:00,2026-03-26 21:59:15.112729+00:00,1.324245870693722,50.61328125,23.880000000000003,1.4423905715028185,0.275838487657163,60,v20260326-204532-4583
650,2026-03-26 21:58:20.068560+00:00,2026-03-26 21:59:20.068560+00:00,1.324245870693722,50.61328125,23.6,1.3721395892300867,0.1932110686794598,60,v20260326-204532-4583
651,2026-03-26 21:58:25.090256+00:00,2026-03-26 21:59:25.090256+00:00,0.8948370763567712,50.61328125,23.4,1.2825197549949203,0.245791489005921,60,v20260326-204532-4583
652,2026-03-26 21:58:35.094705+00:00,2026-03-26 21:59:35.094705+00:00,1.318021918132802,49.91015625,19.56,1.1190052919413154,0.35410049235097,60,v20260326-204532-4583
653,2026-03-26 21:58:55.104910+00:00,2026-03-26 21:59:55.104910+00:00,0.3219369273252284,49.828125,4.840000000000001,0.1882455364613915,0.9897214919643762,60,v20260326-204532-4583
654,2026-03-26 21:59:05.110857+00:00,2026-03-26 22:00:05.110857+00:00,0.2574064071809855,49.5859375,4.880000000000001,0.2090408768824493,1.5671391139924429,60,v20260326-204532-4583
655,2026-03-26 21:59:10.089707+00:00,2026-03-26 22:00:10.089707+00:00,0.1812870424707817,49.5859375,4.96,0.2277715234658047,1.579576492890996,60,v20260326-204532-4583
656,2026-03-26 21:59:15.055173+00:00,2026-03-26 22:00:15.055173+00:00,0.275838487657163,49.35546875,4.880000000000001,0.2854425481600501,1.579576492890996,60,v20260326-204532-4583
657,2026-03-26 21:59:20.071686+00:00,2026-03-26 22:00:20.071686+00:00,0.1932110686794598,49.35546875,4.96,0.2774994379281696,1.011982006445498,60,v20260326-204532-4583
658,2026-03-26 21:59:25.073564+00:00,2026-03-26 22:00:25.073564+00:00,0.245791489005921,49.3515625,4.840000000000001,0.2670606689356487,1.011982006445498,60,v20260326-204532-4583
659,2026-03-26 21:59:30.070989+00:00,2026-03-26 22:00:30.070989+00:00,0.245791489005921,49.3515625,4.920000000000001,0.2735388328549528,1.011982006445498,60,v20260326-204532-4583
660,2026-03-26 21:59:35.064160+00:00,2026-03-26 22:00:35.064160+00:00,0.35410049235097,50.1796875,9.32,0.7705086988234656,1.5748356147715532,60,v20260326-204532-4583
661,2026-03-26 21:59:40.102566+00:00,2026-03-26 22:00:40.102566+00:00,0.4741972744970839,50.1796875,14.08,1.2489456571499251,1.5748356147715532,60,v20260326-204532-4583
662,2026-03-26 21:59:45.067702+00:00,2026-03-26 22:00:45.067702+00:00,1.016514007597346,50.41796875,18.44,1.3589652123443376,1.5748356147715532,60,v20260326-204532-4583
663,2026-03-26 21:59:50.104663+00:00,2026-03-26 22:00:50.104663+00:00,1.2541018664703636,50.41796875,23.24,1.6883432310297857,1.5748356147715536,60,v20260326-204532-4583
664,2026-03-26 21:59:55.059082+00:00,2026-03-26 22:00:55.059082+00:00,0.9897214919643762,50.41796875,27.6,1.558297576735302,1.5748356147715536,60,v20260326-204532-4583
665,2026-03-26 22:00:05.105564+00:00,2026-03-26 22:01:05.105564+00:00,1.5671391139924429,50.421875,27.6,1.5772881636925542,1.6211533373878595,60,v20260326-204532-4583
666,2026-03-26 22:00:15.107732+00:00,2026-03-26 22:01:15.107732+00:00,1.579576492890996,50.18359375,27.64,1.471082724198595,1.567794123116985,60,v20260326-204532-4583
667,2026-03-26 22:00:20.096575+00:00,2026-03-26 22:01:20.096575+00:00,1.011982006445498,50.18359375,28.0,1.26274727970991,1.567794123116985,60,v20260326-204532-4583
668,2026-03-26 22:00:45.204760+00:00,2026-03-26 22:01:45.204760+00:00,1.5748356147715532,49.48046875,27.6,1.5366319106605992,1.5852251011570928,60,v20260326-204532-4583
669,2026-03-26 22:00:50.087830+00:00,2026-03-26 22:01:50.087830+00:00,1.5748356147715536,49.48046875,27.96,1.601804503460165,0.5221834367612188,60,v20260326-204532-4583
670,2026-03-26 22:01:05.153239+00:00,2026-03-26 22:02:05.153239+00:00,1.6211533373878595,50.0234375,28.200000000000003,1.6664387553312685,0.5221834367612188,60,v20260326-204532-4583
671,2026-03-26 22:01:15.109154+00:00,2026-03-26 22:02:15.109154+00:00,1.567794123116985,50.25,27.76,1.6129583850328877,0.5306475646580024,60,v20260326-204532-4583
672,2026-03-26 22:01:20.096459+00:00,2026-03-26 22:02:20.096459+00:00,1.567794123116985,50.25,27.72,1.653255137328307,0.5306475646580024,60,v20260326-204532-4583
673,2026-03-26 22:01:35.133745+00:00,2026-03-26 22:02:35.133745+00:00,1.5852251011570928,50.5234375,24.0,1.328022073002104,0.5180276077375111,60,v20260326-204532-4583
674,2026-03-26 22:02:05.169461+00:00,2026-03-26 22:03:05.169461+00:00,0.5221834367612188,49.9609375,9.48,0.3275102495914809,0.5566882724785386,60,v20260326-204532-4583
675,2026-03-26 22:02:10.069928+00:00,2026-03-26 22:03:10.069928+00:00,0.3659635585968208,49.9609375,9.64,0.3447679167108213,0.3698172975453678,60,v20260326-204532-4583
676,2026-03-26 22:02:15.057667+00:00,2026-03-26 22:03:15.057667+00:00,0.5306475646580024,49.23046875,9.56,0.4526695341714591,0.1340770675334085,60,v20260326-204532-4583
677,2026-03-26 22:02:20.091736+00:00,2026-03-26 22:03:20.091736+00:00,0.5306475646580024,49.23046875,9.56,0.5073847392474725,0.1340770675334085,60,v20260326-204532-4583
678,2026-03-26 22:02:35.129155+00:00,2026-03-26 22:03:35.129155+00:00,0.5180276077375111,49.48828125,9.56,0.5568647586231589,0.0587843422438379,60,v20260326-204532-4583
679,2026-03-26 22:02:55.055005+00:00,2026-03-26 22:03:55.055005+00:00,0.5140065366657505,49.4609375,9.52,0.5733354912590691,0.0322770372469033,60,v20260326-204532-4583
680,2026-03-26 22:03:05.083762+00:00,2026-03-26 22:04:05.083762+00:00,0.5566882724785386,50.69140625,8.16,0.4577054810395904,0.0511234466888219,60,v20260326-204532-4583
681,2026-03-26 22:03:10.090329+00:00,2026-03-26 22:04:10.090329+00:00,0.3698172975453678,50.69140625,6.36,0.3048446713954322,0.0511234466888219,60,v20260326-204532-4583
682,2026-03-26 22:03:15.065081+00:00,2026-03-26 22:04:15.065081+00:00,0.1340770675334085,48.94140625,4.92,0.1531062399980555,0.0518524253621874,60,v20260326-204532-4583
683,2026-03-26 22:03:20.077472+00:00,2026-03-26 22:04:20.077472+00:00,0.1340770675334085,48.94140625,3.2,0.1056070314938798,0.0518524253621874,60,v20260326-204532-4583
684,2026-03-26 22:03:35.127383+00:00,2026-03-26 22:04:35.127383+00:00,0.0587843422438379,49.19140625,1.24,0.0378639414816783,0.059210606188352,60,v20260326-204532-4583
685,2026-03-26 22:03:45.117322+00:00,2026-03-26 22:04:45.117322+00:00,0.0375485235584804,49.44140625,1.16,0.042530495192961,0.0354622188896405,60,v20260326-204532-4583
686,2026-03-26 22:03:50.071649+00:00,2026-03-26 22:04:50.071649+00:00,0.0409318970775655,49.44140625,1.2,0.0556307504870086,0.0023374627325949,60,v20260326-204532-4583
687,2026-03-26 22:03:55.050832+00:00,2026-03-26 22:04:55.050832+00:00,0.0322770372469033,49.44140625,1.16,0.0547235355166559,0.0023374627325949,60,v20260326-204532-4583
688,2026-03-26 22:04:05.113824+00:00,2026-03-26 22:05:05.113824+00:00,0.0511234466888219,49.1875,1.16,0.0625935026340679,0.0024215943703508,60,v20260326-204532-4583
689,2026-03-26 22:04:25.114314+00:00,2026-03-26 22:05:25.114314+00:00,0.0518524253621874,48.69140625,1.2000000000000002,0.0653999480216627,0.002583379348422,60,v20260326-204532-4583
690,2026-03-26 22:04:35.087867+00:00,2026-03-26 22:05:35.087867+00:00,0.059210606188352,49.1875,1.04,0.0497123971628074,0.0014495341523996,60,v20260326-204532-4583
691,2026-03-26 22:04:40.071647+00:00,2026-03-26 22:05:40.071647+00:00,0.059210606188352,49.1875,0.92,0.0478879561297849,0.0025048777475923,60,v20260326-204532-4583
692,2026-03-26 22:04:45.054163+00:00,2026-03-26 22:05:45.054163+00:00,0.0354622188896405,49.1875,0.72,0.030353044926427,0.0025048777475923,60,v20260326-204532-4583
693,2026-03-26 22:04:55.111754+00:00,2026-03-26 22:05:55.111754+00:00,0.0023374627325949,48.93359375,0.28,0.0029089953156453,0.0018581469058641,60,v20260326-204532-4583
694,2026-03-26 22:05:15.090863+00:00,2026-03-26 22:06:15.090863+00:00,0.0024215943703508,49.1796875,0.28,0.003010737875396,0.0017444156988404,60,v20260326-204532-4583
695,2026-03-26 22:05:25.090669+00:00,2026-03-26 22:06:25.090669+00:00,0.002583379348422,48.6875,0.28,0.0036025650445899,0.0017444156988404,60,v20260326-204532-4583
696,2026-03-26 22:05:30.075605+00:00,2026-03-26 22:06:30.075605+00:00,0.0018798390392018,48.6875,0.32,0.0045928449112106,0.0013420231729071,60,v20260326-204532-4583
697,2026-03-26 22:05:35.052411+00:00,2026-03-26 22:06:35.052411+00:00,0.0014495341523996,48.6875,0.28,0.0037175488858941,0.0025607426650427,60,v20260326-204532-4583
698,2026-03-26 22:05:45.113522+00:00,2026-03-26 22:06:45.113522+00:00,0.0025048777475923,48.6875,0.28,0.0036452198210371,0.1451720335597272,60,v20260326-204532-4583
699,2026-03-26 22:05:55.111209+00:00,2026-03-26 22:06:55.111209+00:00,0.0018581469058641,48.6875,0.28,0.0033599741146278,0.5501715397923924,60,v20260326-204532-4583
700,2026-03-26 22:06:00.068451+00:00,2026-03-26 22:07:00.068451+00:00,0.0014562584503285,48.6875,0.32,0.0032714433141944,0.5501715397923924,60,v20260326-204532-4583
701,2026-03-26 22:06:25.110554+00:00,2026-03-26 22:07:25.110554+00:00,0.0017444156988404,48.6875,0.28,0.0021589782333905,1.550668822355293,60,v20260326-204532-4583
702,2026-03-26 22:06:30.106822+00:00,2026-03-26 22:07:30.106822+00:00,0.0013420231729071,48.6875,0.32,0.0028772356815125,1.1212627809647395,60,v20260326-204532-4583
703,2026-03-26 22:06:35.065134+00:00,2026-03-26 22:07:35.065134+00:00,0.0025607426650427,48.6875,0.68,0.0088700865352313,1.1212627809647395,60,v20260326-204532-4583
704,2026-03-26 22:06:40.110944+00:00,2026-03-26 22:07:40.110944+00:00,0.0018078843215201,48.6875,1.4400000000000002,0.010255930949668,1.26310701505254,60,v20260326-204532-4583
705,2026-03-26 22:06:45.054173+00:00,2026-03-26 22:07:45.054173+00:00,0.1451720335597272,50.44140625,2.84,0.2651592370910716,1.26310701505254,60,v20260326-204532-4583
706,2026-03-26 22:06:50.075899+00:00,2026-03-26 22:07:50.075899+00:00,0.1451720335597272,50.44140625,4.920000000000001,0.5063044890785104,0.5649204265791752,60,v20260326-204532-4583
707,2026-03-26 22:06:55.042137+00:00,2026-03-26 22:07:55.042137+00:00,0.5501715397923924,50.2265625,7.880000000000001,0.7207814827405316,0.5649204265791752,60,v20260326-204532-4583
708,2026-03-26 22:07:00.106736+00:00,2026-03-26 22:08:00.106736+00:00,0.5501715397923924,50.2265625,11.52,1.0493603425272189,0.4016772539786795,60,v20260326-204532-4583
709,2026-03-26 22:07:05.085247+00:00,2026-03-26 22:08:05.085247+00:00,0.3575381446597494,50.2265625,15.48,1.2821284499690428,0.4016772539786795,60,v20260326-204532-4583
710,2026-03-26 22:07:15.105724+00:00,2026-03-26 22:08:15.105724+00:00,1.1751089743589629,50.515625,22.48,1.5489111104133648,0.1589526630557366,60,v20260326-204532-4583
711,2026-03-26 22:07:25.097937+00:00,2026-03-26 22:08:25.097937+00:00,1.550668822355293,50.296875,25.76,1.3197297275998616,0.3762399645547163,60,v20260326-204532-4583
712,2026-03-26 22:07:30.103533+00:00,2026-03-26 22:08:30.103533+00:00,1.1212627809647395,50.296875,25.76,1.1574164738057144,0.2493028711800309,60,v20260326-204532-4583
713,2026-03-26 22:07:45.181486+00:00,2026-03-26 22:08:45.181486+00:00,1.26310701505254,49.78125,18.64,0.9120323067019273,1.1399971377054372,60,v20260326-204532-4583
714,2026-03-26 22:07:55.126731+00:00,2026-03-26 22:08:55.126731+00:00,0.5649204265791752,49.2421875,10.8,0.3887112624757777,1.1399971377054372,60,v20260326-204532-4583
715,2026-03-26 22:08:00.124293+00:00,2026-03-26 22:09:00.124293+00:00,0.4016772539786795,49.2421875,7.44,0.29443461469057,0.8870814304412952,60,v20260326-204532-4583
716,2026-03-26 22:08:15.151802+00:00,2026-03-26 22:09:15.151802+00:00,0.1589526630557366,49.234375,3.8,0.1201522746645155,1.3559246042843611,60,v20260326-204532-4583
717,2026-03-26 22:08:25.110053+00:00,2026-03-26 22:09:25.110053+00:00,0.3762399645547163,50.49609375,7.880000000000001,0.4843166593613719,0.5719891199999984,60,v20260326-204532-4583
718,2026-03-26 22:08:30.084592+00:00,2026-03-26 22:09:30.084592+00:00,0.2493028711800309,50.49609375,11.52,0.924680841233028,0.5719891199999984,60,v20260326-204532-4583
719,2026-03-26 22:08:55.132833+00:00,2026-03-26 22:09:55.132833+00:00,1.1399971377054372,49.6015625,25.840000000000003,2.7471464084968846,0.1332611508085655,60,v20260326-204532-4583
720,2026-03-26 22:09:00.124235+00:00,2026-03-26 22:10:00.124235+00:00,0.8870814304412952,49.6015625,25.92,1.7042417365372788,1.334159653994018,60,v20260326-204532-4583
721,2026-03-26 22:09:05.080395+00:00,2026-03-26 22:10:05.080395+00:00,1.3559246042843611,50.35546875,24.08,1.2814201857038654,1.334159653994018,60,v20260326-204532-4583
722,2026-03-26 22:09:10.124044+00:00,2026-03-26 22:10:10.124044+00:00,1.3559246042843611,50.35546875,21.8,0.9007830972269356,1.334159653994018,60,v20260326-204532-4583
723,2026-03-26 22:09:25.131607+00:00,2026-03-26 22:10:25.131607+00:00,0.5719891199999984,49.53515625,10.72,0.3324722626055135,1.334159653994018,60,v20260326-204532-4583
724,2026-03-26 22:09:45.092724+00:00,2026-03-26 22:10:45.092724+00:00,0.1332611508085655,49.5234375,3.92,0.0775619079490576,0.9709859930844604,60,v20260326-204532-4583
725,2026-03-26 22:10:15.182161+00:00,2026-03-26 22:11:15.182161+00:00,1.334159653994018,50.62890625,22.44,1.557859808991474,0.0971655527277796,60,v20260326-204532-4583
726,2026-03-26 22:10:20.071807+00:00,2026-03-26 22:11:20.071807+00:00,1.334159653994018,50.62890625,24.48,2.1885231208605065,0.0762920351247845,60,v20260326-204532-4583
727,2026-03-26 22:10:35.129553+00:00,2026-03-26 22:11:35.129553+00:00,1.5122772684897394,50.3671875,24.28,2.106956850941848,1.342362871187133,60,v20260326-204532-4583
728,2026-03-26 22:10:45.103011+00:00,2026-03-26 22:11:45.103011+00:00,0.9709859930844604,49.0859375,18.92,1.7370881874367383,1.342362871187133,60,v20260326-204532-4583
729,2026-03-26 22:10:50.101319+00:00,2026-03-26 22:11:50.101319+00:00,0.9709859930844604,49.0859375,15.04,1.32700088695217,1.342362871187133,60,v20260326-204532-4583
730,2026-03-26 22:11:05.116749+00:00,2026-03-26 22:12:05.116749+00:00,0.2828895023502104,50.0546875,4.880000000000001,0.2772709038906604,1.373271965637492,60,v20260326-204532-4583
731,2026-03-26 22:11:15.090921+00:00,2026-03-26 22:12:15.090921+00:00,0.0971655527277796,49.05078125,3.8,0.1505816290681294,0.9117455113398316,60,v20260326-204532-4583
732,2026-03-26 22:11:20.130446+00:00,2026-03-26 22:12:20.130446+00:00,0.0762920351247845,49.05078125,5.24,0.2351231953076218,0.6106942321510133,60,v20260326-204532-4583
733,2026-03-26 22:11:45.109768+00:00,2026-03-26 22:12:45.109768+00:00,1.342362871187133,50.88671875,22.48,3.730251413713317,0.1507680204487422,60,v20260326-204532-4583
734,2026-03-26 22:11:50.093627+00:00,2026-03-26 22:12:50.093627+00:00,1.342362871187133,50.88671875,24.64,3.0609294352028797,0.4781473745099349,60,v20260326-204532-4583
735,2026-03-26 22:11:55.080599+00:00,2026-03-26 22:12:55.080599+00:00,1.5067858334878474,50.6328125,25.64,3.046583476279661,0.4781473745099349,60,v20260326-204532-4583
736,2026-03-26 22:12:00.110027+00:00,2026-03-26 22:13:00.110027+00:00,1.155955865257427,50.6328125,25.48,2.53522048433515,0.478147374509935,60,v20260326-204532-4583
737,2026-03-26 22:12:05.079408+00:00,2026-03-26 22:13:05.079408+00:00,1.373271965637492,50.88671875,24.0,2.0848026740820544,0.478147374509935,60,v20260326-204532-4583
738,2026-03-26 22:12:10.138521+00:00,2026-03-26 22:13:10.138521+00:00,1.2601292426147128,50.88671875,21.48,1.6486062307299505,1.168612910300452,60,v20260326-204532-4583
739,2026-03-26 22:12:15.060871+00:00,2026-03-26 22:13:15.060871+00:00,0.9117455113398316,50.88671875,18.24,1.2463846843045243,1.168612910300452,60,v20260326-204532-4583
740,2026-03-26 22:12:25.135245+00:00,2026-03-26 22:13:25.135245+00:00,0.6106942321510133,50.10546875,10.6,0.5707333869639576,1.5284187693669755,60,v20260326-204532-4583
741,2026-03-26 22:12:30.072084+00:00,2026-03-26 22:13:30.072084+00:00,0.6106942321510133,50.10546875,7.28,0.4004728841235074,1.5284187693669755,60,v20260326-204532-4583
742,2026-03-26 22:12:45.126398+00:00,2026-03-26 22:13:45.126398+00:00,0.1507680204487422,49.1015625,3.76,0.1418552172627367,1.1360502372313717,60,v20260326-204532-4583
743,2026-03-26 22:12:55.127800+00:00,2026-03-26 22:13:55.127800+00:00,0.4781473745099349,50.38671875,7.760000000000001,0.605724468957772,0.4882003602718435,60,v20260326-204532-4583
744,2026-03-26 22:13:00.156227+00:00,2026-03-26 22:14:00.156227+00:00,0.478147374509935,50.38671875,11.2,1.2367826420522066,0.4882003602718435,60,v20260326-204532-4583
745,2026-03-26 22:13:15.173553+00:00,2026-03-26 22:14:15.173553+00:00,1.168612910300452,50.6875,22.200000000000003,3.6972600345172073,0.1774796207649789,60,v20260326-204532-4583
746,2026-03-26 22:13:25.274165+00:00,2026-03-26 22:14:25.274165+00:00,1.5284187693669755,51.17578125,26.24,2.873841423621478,0.1291331135157323,60,v20260326-204532-4583
747,2026-03-26 22:13:30.142744+00:00,2026-03-26 22:14:30.142744+00:00,1.5284187693669755,51.17578125,26.12,2.150488222844518,0.7483374574879744,60,v20260326-204532-4583
748,2026-03-26 22:13:45.132585+00:00,2026-03-26 22:14:45.132585+00:00,1.1360502372313717,49.6875,18.76,1.0248005457058864,1.4523608914940014,60,v20260326-204532-4583
749,2026-03-26 22:13:50.113577+00:00,2026-03-26 22:14:50.113577+00:00,1.1360502372313717,49.6875,14.8,0.8326060992648683,1.452360891494001,60,v20260326-204532-4583
750,2026-03-26 22:13:55.054154+00:00,2026-03-26 22:14:55.054154+00:00,0.4882003602718435,50.12109375,10.88,0.4153617577404545,1.452360891494001,60,v20260326-204532-4583
751,2026-03-26 22:14:00.082718+00:00,2026-03-26 22:15:00.082718+00:00,0.4882003602718435,50.12109375,7.6,0.4240838656150579,1.4287467856205738,60,v20260326-204532-4583
752,2026-03-26 22:14:05.068335+00:00,2026-03-26 22:15:05.068335+00:00,0.1176066176406754,49.3671875,4.92,0.1439098258567108,1.4287467856205738,60,v20260326-204532-4583
753,2026-03-26 22:14:10.061543+00:00,2026-03-26 22:15:10.061543+00:00,0.1511102867087934,49.3671875,3.84,0.1410715661383051,1.4287467856205738,60,v20260326-204532-4583
754,2026-03-26 22:14:15.053452+00:00,2026-03-26 22:15:15.053452+00:00,0.1774796207649789,49.38671875,3.88,0.1556229753229654,1.4287467856205738,60,v20260326-204532-4583
755,2026-03-26 22:14:20.103998+00:00,2026-03-26 22:15:20.103998+00:00,0.2046375471698256,49.38671875,5.16,0.2723985007956534,0.5907723342939508,60,v20260326-204532-4583
756,2026-03-26 22:14:25.049883+00:00,2026-03-26 22:15:25.049883+00:00,0.1291331135157323,49.38671875,7.720000000000001,0.4958457757244741,0.5907723342939508,60,v20260326-204532-4583
757,2026-03-26 22:14:35.124084+00:00,2026-03-26 22:15:35.124084+00:00,0.7483374574879744,50.6796875,15.24,1.164824242820853,0.1571564612226484,60,v20260326-204532-4583
758,2026-03-26 22:14:45.091243+00:00,2026-03-26 22:15:45.091243+00:00,1.4523608914940014,51.171875,22.8,1.7357761601132768,0.1571564612226484,60,v20260326-204532-4583
759,2026-03-26 22:14:50.073834+00:00,2026-03-26 22:15:50.073834+00:00,1.452360891494001,51.171875,25.12,1.6293835459454309,0.1571564612226484,60,v20260326-204532-4583
760,2026-03-26 22:14:55.067912+00:00,2026-03-26 22:15:55.067912+00:00,1.452360891494001,51.171875,26.520000000000003,1.8561544391797555,0.6429385576294575,60,v20260326-204532-4583
761,2026-03-26 22:15:05.131656+00:00,2026-03-26 22:16:05.131656+00:00,1.4287467856205738,51.4609375,24.64,1.3674209804932502,0.6429385576294575,60,v20260326-204532-4583
762,2026-03-26 22:15:10.104139+00:00,2026-03-26 22:16:10.104139+00:00,1.4287467856205738,51.4609375,22.16,1.2255869223906044,1.3456833427762032,60,v20260326-204532-4583
763,2026-03-26 22:15:25.154024+00:00,2026-03-26 22:16:25.154024+00:00,0.5907723342939508,49.16796875,10.64,0.3918381485447778,1.3456833427762032,60,v20260326-204532-4583
764,2026-03-26 22:15:45.083635+00:00,2026-03-26 22:16:45.083635+00:00,0.1571564612226484,49.90625,3.76,0.1032023086391939,0.9470340543287908,60,v20260326-204532-4583
765,2026-03-26 22:16:05.104403+00:00,2026-03-26 22:17:05.104403+00:00,0.6429385576294575,50.6875,15.56,0.8599192687287398,0.2671929070737084,60,v20260326-204532-4583
766,2026-03-26 22:16:15.127184+00:00,2026-03-26 22:17:15.127184+00:00,1.3456833427762032,50.00390625,22.680000000000003,1.741769070239201,0.2671929070737084,60,v20260326-204532-4583
767,2026-03-26 22:16:20.086642+00:00,2026-03-26 22:17:20.086642+00:00,1.3456833427762032,50.00390625,24.96,1.9762248847975936,0.2693544366624361,60,v20260326-204532-4583
768,2026-03-26 22:16:35.131002+00:00,2026-03-26 22:17:35.131002+00:00,1.488140123034859,50.28515625,24.12,1.9381694743498,0.9488305483642936,60,v20260326-204532-4583
769,2026-03-26 22:16:45.084486+00:00,2026-03-26 22:17:45.084486+00:00,0.9470340543287908,48.9921875,18.32,1.0975443172616073,0.9488305483642936,60,v20260326-204532-4583
770,2026-03-26 22:16:50.081529+00:00,2026-03-26 22:17:50.081529+00:00,0.9470340543287908,48.9921875,14.84,0.8350639741613105,1.439429498630475,60,v20260326-204532-4583
771,2026-03-26 22:17:05.119732+00:00,2026-03-26 22:18:05.119732+00:00,0.2671929070737084,49.19921875,5.08,0.1776582055845114,1.341257719488112,60,v20260326-204532-4583
772,2026-03-26 22:17:10.113112+00:00,2026-03-26 22:18:10.113112+00:00,0.2671929070737084,49.19921875,3.8,0.2065093328388483,1.341257719488112,60,v20260326-204532-4583
773,2026-03-26 22:17:25.175188+00:00,2026-03-26 22:18:25.175188+00:00,0.2693544366624361,49.234375,7.96,0.6077601417234197,0.7852141679101678,60,v20260326-204532-4583
774,2026-03-26 22:17:35.103715+00:00,2026-03-26 22:18:35.103715+00:00,0.9488305483642936,50.27734375,15.4,1.7966538230734046,0.2258444245224425,60,v20260326-204532-4583
775,2026-03-26 22:17:40.122561+00:00,2026-03-26 22:18:40.122561+00:00,0.9488305483642936,50.27734375,18.96,2.166016126024097,0.2258444245224425,60,v20260326-204532-4583
776,2026-03-26 22:17:55.139028+00:00,2026-03-26 22:18:55.139028+00:00,1.439429498630475,51.05078125,25.040000000000003,2.9414535123734,0.001512529065832,60,v20260326-204532-4583
777,2026-03-26 22:18:05.100988+00:00,2026-03-26 22:19:05.100988+00:00,1.341257719488112,50.546875,23.96,2.1432027894044245,0.0025328746177538,60,v20260326-204532-4583
778,2026-03-26 22:18:10.104809+00:00,2026-03-26 22:19:10.104809+00:00,1.341257719488112,50.546875,21.76,1.495095129223011,0.0025328746177538,60,v20260326-204532-4583
779,2026-03-26 22:18:25.116109+00:00,2026-03-26 22:19:25.116109+00:00,0.7852141679101678,50.5078125,11.12,0.5689101769852919,0.0024595691539198,60,v20260326-204532-4583
780,2026-03-26 22:18:35.098614+00:00,2026-03-26 22:19:35.098614+00:00,0.2258444245224425,49.22265625,4.6000000000000005,0.1581708665917477,0.0024595691539198,60,v20260326-204532-4583
781,2026-03-26 22:18:40.080379+00:00,2026-03-26 22:19:40.080379+00:00,0.2258444245224425,49.22265625,2.6,0.1382154794696108,0.0024595691539198,60,v20260326-204532-4583
782,2026-03-26 22:18:45.080196+00:00,2026-03-26 22:19:45.080196+00:00,0.0021664017043948,48.9609375,1.28,0.0070865105129852,0.0024595691539198,60,v20260326-204532-4583
783,2026-03-26 22:18:50.053175+00:00,2026-03-26 22:19:50.053175+00:00,0.001966705711681,48.9609375,0.76,0.0022539718716569,0.0024283628892704,60,v20260326-204532-4583
784,2026-03-26 22:18:55.060491+00:00,2026-03-26 22:19:55.060491+00:00,0.001512529065832,48.9609375,0.28,0.001069088155157,0.0024283628892704,60,v20260326-204532-4583
785,2026-03-26 22:19:05.101697+00:00,2026-03-26 22:20:05.101697+00:00,0.0025328746177538,48.9609375,0.28,0.0017355552175474,0.0024283628892704,60,v20260326-204532-4583
786,2026-03-26 22:19:35.150982+00:00,2026-03-26 22:20:35.150982+00:00,0.0024595691539198,48.9609375,0.28,0.0018786271909171,0.0025542189883836,60,v20260326-204532-4583
787,2026-03-26 22:19:40.074757+00:00,2026-03-26 22:20:40.074757+00:00,0.0024595691539198,48.9609375,0.32,0.002145495584561,0.0477241253378338,60,v20260326-204532-4583
788,2026-03-26 22:19:55.170103+00:00,2026-03-26 22:20:55.170103+00:00,0.0024283628892704,48.96484375,0.28,0.0020973846323079,0.0477241253378338,60,v20260326-204532-4583
789,2026-03-26 22:20:25.167709+00:00,2026-03-26 22:21:25.167709+00:00,0.0025542189883836,48.9609375,0.28,0.0023962592408928,0.1156012617961865,60,v20260326-204532-4583
790,2026-03-26 22:20:30.062374+00:00,2026-03-26 22:21:30.062374+00:00,0.0025542189883836,48.9609375,0.4,0.0038585118310413,0.1898579846788602,60,v20260326-204532-4583
791,2026-03-26 22:20:45.131483+00:00,2026-03-26 22:21:45.131483+00:00,0.0477241253378338,49.46484375,1.48,0.0696403875087515,1.44739015496807,60,v20260326-204532-4583
792,2026-03-26 22:21:15.135809+00:00,2026-03-26 22:22:15.135809+00:00,0.1156012617961865,49.46875,2.24,0.1283494424779303,0.0823339823620195,60,v20260326-204532-4583
793,2026-03-26 22:21:20.053606+00:00,2026-03-26 22:22:20.053606+00:00,0.1156012617961865,49.46875,2.24,0.1142646811882536,0.0637250365495925,60,v20260326-204532-4583
794,2026-03-26 22:21:35.165793+00:00,2026-03-26 22:22:35.165793+00:00,0.1898579846788602,51.54296875,6.800000000000001,0.4463174784956576,0.1090507374631451,60,v20260326-204532-4583
795,2026-03-26 22:21:40.091956+00:00,2026-03-26 22:22:40.091956+00:00,0.1898579846788601,51.54296875,11.68,0.6743767924434355,0.1100232421770782,60,v20260326-204532-4583
796,2026-03-26 22:21:45.065121+00:00,2026-03-26 22:22:45.065121+00:00,1.44739015496807,50.59375,16.28,1.5206830403678464,0.1100232421770782,60,v20260326-204532-4583
797,2026-03-26 22:21:50.076404+00:00,2026-03-26 22:22:50.076404+00:00,1.44739015496807,50.59375,21.36,1.545474960768316,0.1156564297869091,60,v20260326-204532-4583
798,2026-03-26 22:21:55.054121+00:00,2026-03-26 22:22:55.054121+00:00,1.44739015496807,50.59375,23.360000000000003,1.6013484879295012,0.1156564297869091,60,v20260326-204532-4583
799,2026-03-26 22:22:05.089969+00:00,2026-03-26 22:23:05.089969+00:00,0.8321411362900313,50.05078125,13.76,0.6976343982485581,0.0750706609675196,60,v20260326-204532-4583
800,2026-03-26 22:22:10.125626+00:00,2026-03-26 22:23:10.125626+00:00,0.6446668756671534,50.05078125,9.2,0.5167728314087869,0.9597256601287232,60,v20260326-204532-4583
801,2026-03-26 22:22:15.062922+00:00,2026-03-26 22:23:15.062922+00:00,0.0823339823620195,49.23046875,4.2,0.1241599117411018,0.9597256601287232,60,v20260326-204532-4583
802,2026-03-26 22:22:20.102011+00:00,2026-03-26 22:23:20.102011+00:00,0.0637250365495925,49.23046875,2.2,0.0565542409478858,0.9597256601287232,60,v20260326-204532-4583
803,2026-03-26 22:22:25.077128+00:00,2026-03-26 22:23:25.077128+00:00,0.1090507374631451,49.2421875,2.2,0.0863691260927339,1.1903992671460262,60,v20260326-204532-4583
804,2026-03-26 22:22:30.063299+00:00,2026-03-26 22:23:30.063299+00:00,0.1090507374631451,49.2421875,2.2,0.1057822149271636,1.1903992671460262,60,v20260326-204532-4583
805,2026-03-26 22:22:45.152904+00:00,2026-03-26 22:23:45.152904+00:00,0.1100232421770782,48.984375,2.3200000000000003,0.1529990119730715,0.1055066211020845,60,v20260326-204532-4583
806,2026-03-26 22:22:55.124150+00:00,2026-03-26 22:23:55.124150+00:00,0.1156564297869091,49.48046875,2.2,0.1516142588469548,0.1055066211020845,60,v20260326-204532-4583
807,2026-03-26 22:23:00.110459+00:00,2026-03-26 22:24:00.110459+00:00,0.1156564297869091,49.48046875,2.2,0.1412641308895389,0.1025849718636339,60,v20260326-204532-4583
808,2026-03-26 22:23:05.075180+00:00,2026-03-26 22:24:05.075180+00:00,0.0750706609675196,49.48046875,7.2,0.369319056299602,0.1025849718636339,60,v20260326-204532-4583
809,2026-03-26 22:23:15.113676+00:00,2026-03-26 22:24:15.113676+00:00,0.9597256601287232,50.11328125,17.48,1.2467855940228898,0.1156046708852287,60,v20260326-204532-4583
810,2026-03-26 22:23:35.122848+00:00,2026-03-26 22:24:35.122848+00:00,1.1903992671460262,49.06640625,14.52,0.50881019930028,0.755246275605226,60,v20260326-204532-4583
811,2026-03-26 22:23:45.089990+00:00,2026-03-26 22:24:45.089990+00:00,0.1055066211020845,49.7578125,4.24,0.0510575793065417,0.755246275605226,60,v20260326-204532-4583
812,2026-03-26 22:23:50.120039+00:00,2026-03-26 22:24:50.120039+00:00,0.1055066211020845,49.7578125,2.16,0.0465235099777293,0.1053329842931973,60,v20260326-204532-4583
813,2026-03-26 22:24:05.129143+00:00,2026-03-26 22:25:05.129143+00:00,0.1025849718636339,49.265625,2.16,0.0811864147929336,0.1053329842931973,60,v20260326-204532-4583
814,2026-03-26 22:24:15.091237+00:00,2026-03-26 22:25:15.091237+00:00,0.1156046708852287,50.26953125,2.2,0.117502748769071,0.0772486988553624,60,v20260326-204532-4583
815,2026-03-26 22:24:20.105157+00:00,2026-03-26 22:25:20.105157+00:00,0.1156046708852287,50.26953125,2.24,0.1325269730269869,0.1061862111691389,60,v20260326-204532-4583
816,2026-03-26 22:24:35.110843+00:00,2026-03-26 22:25:35.110843+00:00,0.755246275605226,51.08203125,15.32,2.01931590323256,0.0973067947837932,60,v20260326-204532-4583
817,2026-03-26 22:25:05.170686+00:00,2026-03-26 22:26:05.170686+00:00,0.1053329842931973,49.03515625,3.8,0.1210947571483624,0.117076146265985,60,v20260326-204532-4583
818,2026-03-26 22:25:10.094048+00:00,2026-03-26 22:26:10.094048+00:00,0.1053329842931973,49.03515625,2.16,0.0731146089576951,0.8204722015520189,60,v20260326-204532-4583
819,2026-03-26 22:25:15.063226+00:00,2026-03-26 22:26:15.063226+00:00,0.0772486988553624,49.7734375,2.12,0.0600289161369718,0.8204722015520189,60,v20260326-204532-4583
820,2026-03-26 22:25:20.090896+00:00,2026-03-26 22:26:20.090896+00:00,0.1061862111691389,49.7734375,2.08,0.0842678036354536,1.6198678482377706,60,v20260326-204532-4583
821,2026-03-26 22:25:25.076387+00:00,2026-03-26 22:26:25.076387+00:00,0.0734967860607195,49.7734375,2.04,0.0941132606124703,1.6198678482377706,60,v20260326-204532-4583
822,2026-03-26 22:25:35.092697+00:00,2026-03-26 22:26:35.092697+00:00,0.0973067947837932,49.03515625,2.08,0.1056545744184344,1.6198678482377706,60,v20260326-204532-4583
823,2026-03-26 22:25:40.075682+00:00,2026-03-26 22:26:40.075682+00:00,0.0641981578586075,49.03515625,2.12,0.1032802778749467,0.3830509848173838,60,v20260326-204532-4583
824,2026-03-26 22:25:45.052352+00:00,2026-03-26 22:26:45.052352+00:00,0.1115282318635765,49.52734375,2.16,0.1176110124700284,0.3830509848173838,60,v20260326-204532-4583
825,2026-03-26 22:25:50.064967+00:00,2026-03-26 22:26:50.064967+00:00,0.0751495814335422,49.52734375,2.28,0.118195166159264,0.3830509848173838,60,v20260326-204532-4583
826,2026-03-26 22:25:55.057898+00:00,2026-03-26 22:26:55.057898+00:00,0.117076146265985,50.03125,2.12,0.1276695692925441,0.3830509848173838,60,v20260326-204532-4583
827,2026-03-26 22:26:00.066857+00:00,2026-03-26 22:27:00.066857+00:00,0.117076146265985,50.03125,2.28,0.1279523711533282,0.0998702321724795,60,v20260326-204532-4583
828,2026-03-26 22:26:15.151471+00:00,2026-03-26 22:27:15.151471+00:00,0.8204722015520189,50.87890625,17.880000000000003,2.1541379984922324,0.1098468144450931,60,v20260326-204532-4583
829,2026-03-26 22:26:25.128254+00:00,2026-03-26 22:27:25.128254+00:00,1.6198678482377706,50.88671875,28.08,3.127787536853041,0.3822815588030689,60,v20260326-204532-4583
830,2026-03-26 22:26:30.087496+00:00,2026-03-26 22:27:30.087496+00:00,1.6198678482377706,50.88671875,25.76,1.7541219488165638,0.3822815588030689,60,v20260326-204532-4583
831,2026-03-26 22:26:35.065225+00:00,2026-03-26 22:27:35.065225+00:00,1.6198678482377706,50.88671875,20.4,1.1760298686849853,0.3822815588030689,60,v20260326-204532-4583
832,2026-03-26 22:26:45.115602+00:00,2026-03-26 22:27:45.115602+00:00,0.3830509848173838,49.546875,9.68,0.2662914380398972,1.1445451437913454,60,v20260326-204532-4583
833,2026-03-26 22:26:50.070217+00:00,2026-03-26 22:27:50.070217+00:00,0.3830509848173838,49.546875,4.760000000000001,0.2218726852739242,0.7714425026677633,60,v20260326-204532-4583
834,2026-03-26 22:27:05.167784+00:00,2026-03-26 22:28:05.167784+00:00,0.0998702321724795,49.296875,2.12,0.0629602184896449,0.10117821017139,60,v20260326-204532-4583
835,2026-03-26 22:27:15.094172+00:00,2026-03-26 22:28:15.094172+00:00,0.1098468144450931,49.30078125,2.2,0.1088400826943728,0.10117821017139,60,v20260326-204532-4583
836,2026-03-26 22:27:20.085409+00:00,2026-03-26 22:28:20.085409+00:00,0.1098468144450931,49.30078125,2.28,0.1392410690313834,0.10117821017139,60,v20260326-204532-4583
837,2026-03-26 22:27:25.065754+00:00,2026-03-26 22:28:25.065754+00:00,0.3822815588030689,49.625,6.12,0.9104246796589888,0.1154582772543551,60,v20260326-204532-4583
838,2026-03-26 22:27:30.122197+00:00,2026-03-26 22:28:30.122197+00:00,0.3822815588030689,49.625,10.08,1.5928206275486294,0.1154582772543551,60,v20260326-204532-4583
839,2026-03-26 22:27:35.074203+00:00,2026-03-26 22:28:35.074203+00:00,0.3822815588030689,49.625,13.76,1.3030738488201548,0.0778920024450297,60,v20260326-204532-4583
840,2026-03-26 22:27:45.102175+00:00,2026-03-26 22:28:45.102175+00:00,1.1445451437913454,50.1171875,14.96,1.091164810414964,0.1133483083749429,60,v20260326-204532-4583
841,2026-03-26 22:27:50.080842+00:00,2026-03-26 22:28:50.080842+00:00,0.7714425026677633,50.1171875,11.12,0.5582191746851399,0.1133483083749429,60,v20260326-204532-4583
842,2026-03-26 22:28:15.125461+00:00,2026-03-26 22:29:15.125461+00:00,0.10117821017139,49.05859375,2.12,0.0461024004360084,1.3516614049524902,60,v20260326-204532-4583
843,2026-03-26 22:28:20.104719+00:00,2026-03-26 22:29:20.104719+00:00,0.10117821017139,49.05859375,2.24,0.087273691566836,1.3516614049524902,60,v20260326-204532-4583
844,2026-03-26 22:28:25.075888+00:00,2026-03-26 22:29:25.075888+00:00,0.1154582772543551,50.29296875,2.16,0.0869036526831468,1.3516614049524902,60,v20260326-204532-4583
845,2026-03-26 22:28:30.068448+00:00,2026-03-26 22:29:30.068448+00:00,0.1154582772543551,50.29296875,2.24,0.1057068684143849,0.1107469767442006,60,v20260326-204532-4583
846,2026-03-26 22:28:35.078341+00:00,2026-03-26 22:29:35.078341+00:00,0.0778920024450297,50.29296875,2.2,0.1070213792115088,0.1107469767442006,60,v20260326-204532-4583
847,2026-03-26 22:28:45.112038+00:00,2026-03-26 22:29:45.112038+00:00,0.1133483083749429,49.5703125,6.720000000000001,0.5783876823295274,0.1063771051264922,60,v20260326-204532-4583
848,2026-03-26 22:29:05.094521+00:00,2026-03-26 22:30:05.094521+00:00,1.356954810408017,50.6328125,25.92,3.7867210889733376,0.48621033588614,60,v20260326-204532-4583
849,2026-03-26 22:29:15.104074+00:00,2026-03-26 22:30:15.104074+00:00,1.3516614049524902,50.421875,19.08,0.9622039209918238,1.3997805595408863,60,v20260326-204532-4583
850,2026-03-26 22:29:20.078772+00:00,2026-03-26 22:30:20.078772+00:00,1.3516614049524902,50.421875,14.4,0.7710097397609068,1.3997805595408863,60,v20260326-204532-4583
851,2026-03-26 22:29:35.172360+00:00,2026-03-26 22:30:35.172360+00:00,0.1107469767442006,49.5703125,2.04,0.0473915145063185,0.2827117078594025,60,v20260326-204532-4583
852,2026-03-26 22:29:45.098095+00:00,2026-03-26 22:30:45.098095+00:00,0.1063771051264922,49.32421875,2.08,0.0830107684255577,0.0723712527368903,60,v20260326-204532-4583
853,2026-03-26 22:29:50.097886+00:00,2026-03-26 22:30:50.097886+00:00,0.0776003252380239,49.32421875,2.12,0.11296070588882,0.0018351079090237,60,v20260326-204532-4583
854,2026-03-26 22:30:05.140424+00:00,2026-03-26 22:31:05.140424+00:00,0.48621033588614,50.90234375,15.68,1.612025741968499,0.0024802759596598,60,v20260326-204532-4583
855,2026-03-26 22:30:15.110234+00:00,2026-03-26 22:31:15.110234+00:00,1.3997805595408863,50.91015625,22.040000000000003,2.686646996645053,0.0024802759596598,60,v20260326-204532-4583
856,2026-03-26 22:30:20.097873+00:00,2026-03-26 22:31:20.097873+00:00,1.3997805595408863,50.91015625,17.76,1.136989222436256,0.0024994978911341,60,v20260326-204532-4583
857,2026-03-26 22:30:25.077328+00:00,2026-03-26 22:31:25.077328+00:00,0.506180526010442,49.34375,13.16,0.4920366779780545,0.0024994978911341,60,v20260326-204532-4583
858,2026-03-26 22:30:30.059232+00:00,2026-03-26 22:31:30.059232+00:00,0.3573971967317727,49.34375,8.6,0.3307162002563973,0.0024994978911341,60,v20260326-204532-4583
859,2026-03-26 22:30:35.060765+00:00,2026-03-26 22:31:35.060765+00:00,0.2827117078594025,49.1015625,3.92,0.1970781247272037,0.0024143203883521,60,v20260326-204532-4583
860,2026-03-26 22:30:40.070876+00:00,2026-03-26 22:31:40.070876+00:00,0.1055333486660531,49.1015625,1.56,0.0710299171013028,0.0024143203883521,60,v20260326-204532-4583
861,2026-03-26 22:30:45.060381+00:00,2026-03-26 22:31:45.060381+00:00,0.0723712527368903,49.1015625,1.12,0.0506315482294086,0.0024143203883521,60,v20260326-204532-4583
862,2026-03-26 22:30:55.136843+00:00,2026-03-26 22:31:55.136843+00:00,0.0018351079090237,49.33984375,0.32,0.0032014048882616,0.0024143203883521,60,v20260326-204532-4583
863,2026-03-26 22:31:05.092814+00:00,2026-03-26 22:32:05.092814+00:00,0.0024802759596598,49.09375,0.28,0.0034778733641598,0.002390114540423,60,v20260326-204532-4583
864,2026-03-26 22:31:10.074573+00:00,2026-03-26 22:32:10.074573+00:00,0.0024802759596598,49.09375,0.32,0.0046169347103082,0.002390114540423,60,v20260326-204532-4583
865,2026-03-26 22:31:25.141161+00:00,2026-03-26 22:32:25.141161+00:00,0.0024994978911341,49.09375,0.28,0.0039654207498829,0.002390114540423,60,v20260326-204532-4583
866,2026-03-26 22:31:45.131547+00:00,2026-03-26 22:32:45.131547+00:00,0.0024143203883521,49.09375,0.28,0.0039049124195202,0.2909663622208674,60,v20260326-204532-4583
867,2026-03-26 22:32:15.196813+00:00,2026-03-26 22:33:15.196813+00:00,0.002390114540423,49.09375,0.28,0.0045391441789165,0.3312741244646098,60,v20260326-204532-4583
868,2026-03-26 22:32:20.062963+00:00,2026-03-26 22:33:20.062963+00:00,0.002390114540423,49.09375,0.32,0.0056179912653985,0.3312741244646098,60,v20260326-204532-4583
869,2026-03-26 22:32:35.123830+00:00,2026-03-26 22:33:35.123830+00:00,0.0632538613210848,49.62109375,2.24,0.1878475166760783,0.2239149705738124,60,v20260326-204532-4583
870,2026-03-26 22:32:45.082209+00:00,2026-03-26 22:33:45.082209+00:00,0.2909663622208674,49.87890625,4.5600000000000005,0.5210301576815969,0.2239149705738124,60,v20260326-204532-4583
871,2026-03-26 22:32:50.067741+00:00,2026-03-26 22:33:50.067741+00:00,0.3853008548499679,49.87890625,5.48,0.4745085324387608,0.1197561098938128,60,v20260326-204532-4583
872,2026-03-26 22:32:55.067556+00:00,2026-03-26 22:33:55.067556+00:00,0.2605019079640633,49.87890625,6.32,0.4985637062324642,0.1197561098938128,60,v20260326-204532-4583
873,2026-03-26 22:33:05.091242+00:00,2026-03-26 22:34:05.091242+00:00,0.3029661576971086,50.375,5.48,0.3454168817263077,0.1197561098938128,60,v20260326-204532-4583
874,2026-03-26 22:33:25.090980+00:00,2026-03-26 22:34:25.090980+00:00,0.3312741244646098,49.89453125,5.800000000000001,0.3945369330980509,0.0545772455089734,60,v20260326-204532-4583
875,2026-03-26 22:33:45.080526+00:00,2026-03-26 22:34:45.080526+00:00,0.2239149705738124,50.1171875,3.24,0.1710184791840374,0.0485755976916787,60,v20260326-204532-4583
876,2026-03-26 22:33:55.126488+00:00,2026-03-26 22:34:55.126488+00:00,0.1197561098938128,49.625,2.72,0.1138564004191703,0.0327707173893962,60,v20260326-204532-4583
877,2026-03-26 22:34:00.072162+00:00,2026-03-26 22:35:00.072162+00:00,0.1197561098938128,49.625,3.0,0.151021709904648,0.0327707173893962,60,v20260326-204532-4583
878,2026-03-26 22:34:15.152464+00:00,2026-03-26 22:35:15.152464+00:00,0.1280371111619447,50.12109375,2.5200000000000005,0.1355024402477684,0.0568045726288388,60,v20260326-204532-4583
879,2026-03-26 22:34:35.068201+00:00,2026-03-26 22:35:35.068201+00:00,0.0545772455089734,49.125,1.2000000000000002,0.0482747429576386,0.2072227347417373,60,v20260326-204532-4583
880,2026-03-26 22:34:45.094550+00:00,2026-03-26 22:35:45.094550+00:00,0.0485755976916787,49.12109375,1.2000000000000002,0.0607783128735127,0.2139044764468893,60,v20260326-204532-4583
881,2026-03-26 22:34:50.103100+00:00,2026-03-26 22:35:50.103100+00:00,0.0327707173893962,49.12109375,1.24,0.069678262184761,0.1618077715895314,60,v20260326-204532-4583
882,2026-03-26 22:35:15.125501+00:00,2026-03-26 22:36:15.125501+00:00,0.0568045726288388,49.37109375,2.0,0.1714795051644598,0.3871669707305504,60,v20260326-204532-4583
883,2026-03-26 22:35:20.070768+00:00,2026-03-26 22:36:20.070768+00:00,0.0368813155221507,49.37109375,2.6,0.1628389029087614,0.3871669707305504,60,v20260326-204532-4583
884,2026-03-26 22:35:25.044143+00:00,2026-03-26 22:36:25.044143+00:00,0.1985745885683897,49.37890625,3.04,0.2366395581657687,0.3871669707305504,60,v20260326-204532-4583
885,2026-03-26 22:35:30.053504+00:00,2026-03-26 22:36:30.053504+00:00,0.1985745885683897,49.37890625,3.8,0.2893283631068046,0.2645963605801037,60,v20260326-204532-4583
886,2026-03-26 22:35:35.050467+00:00,2026-03-26 22:36:35.050467+00:00,0.2072227347417373,49.90625,5.0,0.389937673099917,0.5167213834386593,60,v20260326-204532-4583
887,2026-03-26 22:35:40.070377+00:00,2026-03-26 22:36:40.070377+00:00,0.3132066424290056,49.90625,5.680000000000001,0.4762410248770168,0.5167213834386593,60,v20260326-204532-4583
888,2026-03-26 22:35:45.062481+00:00,2026-03-26 22:36:45.062481+00:00,0.2139044764468893,49.90625,6.680000000000001,0.4924680891628826,0.5167213834386593,60,v20260326-204532-4583
889,2026-03-26 22:35:50.077468+00:00,2026-03-26 22:36:50.077468+00:00,0.1618077715895314,49.90625,7.720000000000001,0.4414265956937394,0.5708375572930683,60,v20260326-204532-4583
890,2026-03-26 22:35:55.087118+00:00,2026-03-26 22:36:55.087118+00:00,0.4593504605763787,50.1484375,7.840000000000001,0.448548238562018,0.5708375572930683,60,v20260326-204532-4583
891,2026-03-26 22:36:00.084884+00:00,2026-03-26 22:37:00.084884+00:00,0.2779912428998148,50.1484375,7.48,0.2698643165445243,0.5673775453663907,60,v20260326-204532-4583
892,2026-03-26 22:36:25.122530+00:00,2026-03-26 22:37:25.122530+00:00,0.3871669707305504,50.3828125,7.36,0.3693211270197477,0.5687784819242233,60,v20260326-204532-4583
893,2026-03-26 22:36:30.080613+00:00,2026-03-26 22:37:30.080613+00:00,0.2645963605801037,50.3828125,8.24,0.4593761711170662,0.4830875172455347,60,v20260326-204532-4583
894,2026-03-26 22:36:35.076187+00:00,2026-03-26 22:37:35.076187+00:00,0.5167213834386593,50.16796875,9.0,0.7536728933018226,0.4830875172455347,60,v20260326-204532-4583
895,2026-03-26 22:36:40.070204+00:00,2026-03-26 22:37:40.070204+00:00,0.5167213834386593,50.16796875,9.76,0.7173658066163542,0.4830875172455347,60,v20260326-204532-4583
896,2026-03-26 22:36:55.175446+00:00,2026-03-26 22:37:55.175446+00:00,0.5708375572930683,50.15625,10.16,0.7187418859866469,0.5396812554134476,60,v20260326-204532-4583
897,2026-03-26 22:37:05.122921+00:00,2026-03-26 22:38:05.122921+00:00,0.5673775453663907,49.9296875,10.08,0.6503638891846352,0.6466643236074293,60,v20260326-204532-4583
898,2026-03-26 22:37:10.066954+00:00,2026-03-26 22:38:10.066954+00:00,0.5673775453663907,49.9296875,10.36,0.6153677947336058,0.6466643236074293,60,v20260326-204532-4583
899,2026-03-26 22:37:25.126585+00:00,2026-03-26 22:38:25.126585+00:00,0.5687784819242233,50.92578125,9.92,0.5527245710066504,0.6991724667349164,60,v20260326-204532-4583
900,2026-03-26 22:37:35.131388+00:00,2026-03-26 22:38:35.131388+00:00,0.4830875172455347,49.921875,9.12,0.4723863321280705,0.499051008481491,60,v20260326-204532-4583
901,2026-03-26 22:37:40.093140+00:00,2026-03-26 22:38:40.093140+00:00,0.4830875172455347,49.921875,9.2,0.4979299216104456,0.4986531028690942,60,v20260326-204532-4583
902,2026-03-26 22:37:55.148892+00:00,2026-03-26 22:38:55.148892+00:00,0.5396812554134476,49.671875,9.96,0.5901944746292181,0.7453669369051917,60,v20260326-204532-4583
903,2026-03-26 22:38:15.110772+00:00,2026-03-26 22:39:15.110772+00:00,0.6466643236074293,50.69140625,11.92,0.8125922364044755,0.8203579444772486,60,v20260326-204532-4583
904,2026-03-26 22:38:25.087098+00:00,2026-03-26 22:39:25.087098+00:00,0.6991724667349164,49.6953125,12.52,0.8176375207297794,0.8251809108335116,60,v20260326-204532-4583
905,2026-03-26 22:38:30.104109+00:00,2026-03-26 22:39:30.104109+00:00,0.6991724667349164,49.6953125,12.24,0.733422433286035,0.8251809108335116,60,v20260326-204532-4583
906,2026-03-26 22:38:35.055096+00:00,2026-03-26 22:39:35.055096+00:00,0.499051008481491,50.71484375,12.72,0.7065078604518508,0.8251809108335116,60,v20260326-204532-4583
907,2026-03-26 22:38:40.064959+00:00,2026-03-26 22:39:40.064959+00:00,0.4986531028690942,50.71484375,13.04,0.7003568006820109,0.9146844451693472,60,v20260326-204532-4583
908,2026-03-26 22:38:45.080280+00:00,2026-03-26 22:39:45.080280+00:00,0.3877037546124175,50.71484375,12.72,0.6566228199013044,0.9146844451693472,60,v20260326-204532-4583
909,2026-03-26 22:38:55.087252+00:00,2026-03-26 22:39:55.087252+00:00,0.7453669369051917,50.20703125,14.04,0.85634712183338,0.7872823380992492,60,v20260326-204532-4583
910,2026-03-26 22:39:15.054160+00:00,2026-03-26 22:40:15.054160+00:00,0.8203579444772486,49.96484375,14.48,0.9592474456034692,0.6321674844185058,60,v20260326-204532-4583
911,2026-03-26 22:39:25.109040+00:00,2026-03-26 22:40:25.109040+00:00,0.8251809108335116,50.4765625,14.8,0.9421579596441738,0.6620231377945897,60,v20260326-204532-4583
912,2026-03-26 22:39:30.073633+00:00,2026-03-26 22:40:30.073633+00:00,0.8251809108335116,50.4765625,15.6,0.9561762635224992,0.4534196470755144,60,v20260326-204532-4583
913,2026-03-26 22:39:45.194843+00:00,2026-03-26 22:40:45.194843+00:00,0.9146844451693472,49.5,16.16,0.9915385390616356,0.6015644032921879,60,v20260326-204532-4583
914,2026-03-26 22:39:55.118130+00:00,2026-03-26 22:40:55.118130+00:00,0.7872823380992492,49.7734375,14.48,0.7659231275416112,0.554521341931524,60,v20260326-204532-4583
915,2026-03-26 22:40:00.060263+00:00,2026-03-26 22:41:00.060263+00:00,0.7872823380992492,49.7734375,13.52,0.7153716835335692,0.6011851013836945,60,v20260326-204532-4583
916,2026-03-26 22:40:05.068809+00:00,2026-03-26 22:41:05.068809+00:00,0.4974574667003122,49.7734375,12.6,0.6321046037481268,0.6011851013836945,60,v20260326-204532-4583
917,2026-03-26 22:40:15.096084+00:00,2026-03-26 22:41:15.096084+00:00,0.6321674844185058,50.25,11.6,0.6385933764412206,0.3921029428741353,60,v20260326-204532-4583
918,2026-03-26 22:40:25.102885+00:00,2026-03-26 22:41:25.102885+00:00,0.6620231377945897,50.484375,11.68,0.6766937636215669,0.9635059854638728,60,v20260326-204532-4583
919,2026-03-26 22:40:30.074294+00:00,2026-03-26 22:41:30.074294+00:00,0.4534196470755144,50.484375,11.4,0.6458970387957702,0.9635059854638728,60,v20260326-204532-4583
920,2026-03-26 22:40:35.085892+00:00,2026-03-26 22:41:35.085892+00:00,0.6015644032921879,50.25,11.32,0.6688519774329591,0.9635059854638728,60,v20260326-204532-4583
921,2026-03-26 22:40:40.073805+00:00,2026-03-26 22:41:40.073805+00:00,0.6015644032921879,50.25,11.08,0.6492961689825729,0.9635059854638728,60,v20260326-204532-4583
922,2026-03-26 22:40:55.144419+00:00,2026-03-26 22:41:55.144419+00:00,0.554521341931524,49.7578125,10.44,0.5795452454864648,1.0492467925315514,60,v20260326-204532-4583
923,2026-03-26 22:41:05.145529+00:00,2026-03-26 22:42:05.145529+00:00,0.6011851013836945,50.48828125,10.64,0.6110053230107156,1.1605914410085516,60,v20260326-204532-4583
924,2026-03-26 22:41:10.133263+00:00,2026-03-26 22:42:10.133263+00:00,0.3921029428741353,50.48828125,11.64,0.6883941931814872,1.1605914410085516,60,v20260326-204532-4583
925,2026-03-26 22:41:35.136885+00:00,2026-03-26 22:42:35.136885+00:00,0.9635059854638728,50.53125,17.12,1.3446004601242747,0.9628072934670012,60,v20260326-204532-4583
926,2026-03-26 22:41:40.073429+00:00,2026-03-26 22:42:40.073429+00:00,0.9635059854638728,50.53125,17.44,1.2525717479408975,0.9628072934670012,60,v20260326-204532-4583
927,2026-03-26 22:41:55.130442+00:00,2026-03-26 22:42:55.130442+00:00,1.0492467925315514,50.5390625,18.96,1.3006053632355268,0.0019668104071069,60,v20260326-204532-4583
928,2026-03-26 22:42:15.106054+00:00,2026-03-26 22:43:15.106054+00:00,1.1605914410085516,50.078125,20.84,1.4189464090208137,0.0024742584030534,60,v20260326-204532-4583
929,2026-03-26 22:42:25.097147+00:00,2026-03-26 22:43:25.097147+00:00,1.248158634031434,51.06640625,21.12,1.3515149859922195,0.0025588770864689,60,v20260326-204532-4583
930,2026-03-26 22:42:30.062222+00:00,2026-03-26 22:43:30.062222+00:00,0.926445746109832,51.06640625,20.72,1.1791317435375217,0.0023854087089516,60,v20260326-204532-4583
931,2026-03-26 22:42:35.060525+00:00,2026-03-26 22:43:35.060525+00:00,0.9628072934670012,50.0546875,16.560000000000002,0.8450401521048622,0.0023854087089516,60,v20260326-204532-4583
932,2026-03-26 22:42:40.078487+00:00,2026-03-26 22:43:40.078487+00:00,0.9628072934670012,50.0546875,12.32,0.6963712370673374,0.0023854087089516,60,v20260326-204532-4583
933,2026-03-26 22:42:45.070081+00:00,2026-03-26 22:43:45.070081+00:00,0.4697989322347392,49.24609375,7.880000000000001,0.3376178586084544,0.0023854087089516,60,v20260326-204532-4583
934,2026-03-26 22:42:50.043414+00:00,2026-03-26 22:43:50.043414+00:00,0.002780861165671,49.24609375,4.08,0.0098732166082151,0.0024491700505928,60,v20260326-204532-4583
935,2026-03-26 22:42:55.058618+00:00,2026-03-26 22:43:55.058618+00:00,0.0019668104071069,49.24609375,0.28,0.0023038629989564,0.0024491700505928,60,v20260326-204532-4583
936,2026-03-26 22:43:05.113940+00:00,2026-03-26 22:44:05.113940+00:00,0.0024742584030534,49.24609375,0.28,0.0026096505219816,0.0024091375185066,60,v20260326-204532-4583
937,2026-03-26 22:43:10.074432+00:00,2026-03-26 22:44:10.074432+00:00,0.0024742584030534,49.24609375,0.32,0.0028679086284631,0.0024091375185066,60,v20260326-204532-4583
938,2026-03-26 22:43:25.143874+00:00,2026-03-26 22:44:25.143874+00:00,0.0025588770864689,49.24609375,0.28,0.0027205538794463,0.0024343585509304,60,v20260326-204532-4583
939,2026-03-26 22:43:35.138316+00:00,2026-03-26 22:44:35.138316+00:00,0.0023854087089516,49.49609375,0.28,0.0027568878601279,0.0395964889123694,60,v20260326-204532-4583
940,2026-03-26 22:43:40.068942+00:00,2026-03-26 22:44:40.068942+00:00,0.0023854087089516,49.49609375,0.32,0.0032221075182292,0.0395964889123694,60,v20260326-204532-4583
941,2026-03-26 22:43:55.160452+00:00,2026-03-26 22:44:55.160452+00:00,0.0024491700505928,49.7421875,0.28,0.0023748519736111,0.0395964889123694,60,v20260326-204532-4583
942,2026-03-26 22:44:05.109314+00:00,2026-03-26 22:45:05.109314+00:00,0.0024091375185066,49.24609375,0.28,0.0024106266068075,0.0395964889123694,60,v20260326-204532-4583
943,2026-03-26 22:44:10.080237+00:00,2026-03-26 22:45:10.080237+00:00,0.0024091375185066,49.24609375,0.32,0.0027283253907473,0.0522647137685998,60,v20260326-204532-4583
944,2026-03-26 22:44:25.136209+00:00,2026-03-26 22:45:25.136209+00:00,0.0024343585509304,49.24609375,0.28,0.0022233572148052,0.0522647137685998,60,v20260326-204532-4583
945,2026-03-26 22:44:45.104759+00:00,2026-03-26 22:45:45.104759+00:00,0.0395964889123694,50.0,0.96,0.0388248759284838,0.0522647137685998,60,v20260326-204532-4583
946,2026-03-26 22:45:35.123516+00:00,2026-03-26 22:46:35.123516+00:00,0.0522647137685998,49.5,1.16,0.0569473874105442,0.0629418577307346,60,v20260326-204532-4583
947,2026-03-26 22:45:40.063162+00:00,2026-03-26 22:46:40.063162+00:00,0.0522647137685998,49.5,1.2,0.0557835164094402,0.0629418577307346,60,v20260326-204532-4583
948,2026-03-26 22:45:55.132933+00:00,2026-03-26 22:46:55.132933+00:00,0.0530874405974189,49.5,1.24,0.0558115946426721,0.0496726210239721,60,v20260326-204532-4583
949,2026-03-26 22:46:05.069041+00:00,2026-03-26 22:47:05.069041+00:00,0.0576656825696813,49.25390625,1.24,0.0560855765936647,0.0572986120846823,60,v20260326-204532-4583
950,2026-03-26 22:46:10.057747+00:00,2026-03-26 22:47:10.057747+00:00,0.0576656825696813,49.25390625,1.28,0.0578657036417984,0.0572986120846823,60,v20260326-204532-4583
951,2026-03-26 22:46:15.064752+00:00,2026-03-26 22:47:15.064752+00:00,0.0438569488362266,49.9921875,1.28,0.0533474526003839,1.3574584783222146,60,v20260326-204532-4583
952,2026-03-26 22:46:20.051743+00:00,2026-03-26 22:47:20.051743+00:00,0.0588157561505051,49.9921875,1.28,0.0580344530352568,0.973456099112832,60,v20260326-204532-4583
953,2026-03-26 22:46:25.060979+00:00,2026-03-26 22:47:25.060979+00:00,0.0387125306982625,49.9921875,1.28,0.0547622296262694,1.4212411935350238,60,v20260326-204532-4583
954,2026-03-26 22:46:35.097868+00:00,2026-03-26 22:47:35.097868+00:00,0.0629418577307346,49.25390625,1.32,0.0638639626453951,0.8802167096926503,60,v20260326-204532-4583
955,2026-03-26 22:46:55.113382+00:00,2026-03-26 22:47:55.113382+00:00,0.0496726210239721,49.50390625,1.16,0.0504465707169005,0.0611408248081933,60,v20260326-204532-4583
956,2026-03-26 22:47:05.100209+00:00,2026-03-26 22:48:05.100209+00:00,0.0572986120846823,49.49609375,6.2,0.2439349165117426,0.0464857732050555,60,v20260326-204532-4583
957,2026-03-26 22:47:10.075882+00:00,2026-03-26 22:48:10.075882+00:00,0.0572986120846823,49.49609375,11.28,0.2450552322017452,0.0466648006100296,60,v20260326-204532-4583
958,2026-03-26 22:47:15.076457+00:00,2026-03-26 22:48:15.076457+00:00,1.3574584783222146,50.83984375,16.080000000000002,1.7275994741044771,0.0366111043172121,60,v20260326-204532-4583
959,2026-03-26 22:47:20.070008+00:00,2026-03-26 22:48:20.070008+00:00,0.973456099112832,50.83984375,21.32,1.6239431533185125,0.0541945695364264,60,v20260326-204532-4583
960,2026-03-26 22:47:25.069416+00:00,2026-03-26 22:48:25.069416+00:00,1.4212411935350238,50.81640625,26.12,1.6263809993157938,0.0541945695364264,60,v20260326-204532-4583
961,2026-03-26 22:47:30.091756+00:00,2026-03-26 22:48:30.091756+00:00,1.1270410775652595,50.81640625,26.08,1.6525322454237554,0.0603431085043944,60,v20260326-204532-4583
962,2026-03-26 22:47:35.060558+00:00,2026-03-26 22:48:35.060558+00:00,0.8802167096926503,50.81640625,23.360000000000003,1.340166070007626,0.0603431085043944,60,v20260326-204532-4583
963,2026-03-26 22:47:45.103831+00:00,2026-03-26 22:48:45.103831+00:00,1.0040369945511864,49.5703125,13.4,0.6357195295547712,0.0603431085043944,60,v20260326-204532-4583
964,2026-03-26 22:47:55.104673+00:00,2026-03-26 22:48:55.104673+00:00,0.0611408248081933,49.30078125,3.64,0.0465390954959416,0.0615620955699411,60,v20260326-204532-4583
965,2026-03-26 22:48:00.099416+00:00,2026-03-26 22:49:00.099416+00:00,0.0611408248081933,49.30078125,1.36,0.0344143485599499,0.0615620955699411,60,v20260326-204532-4583
966,2026-03-26 22:48:05.054591+00:00,2026-03-26 22:49:05.054591+00:00,0.0464857732050555,49.53515625,1.24,0.0399982138891646,0.0603539698868284,60,v20260326-204532-4583
967,2026-03-26 22:48:10.075594+00:00,2026-03-26 22:49:10.075594+00:00,0.0466648006100296,49.53515625,1.28,0.0489933266579446,0.0452141765407174,60,v20260326-204532-4583
968,2026-03-26 22:48:15.075375+00:00,2026-03-26 22:49:15.075375+00:00,0.0366111043172121,49.53515625,1.24,0.0599987849383353,0.0351350635696171,60,v20260326-204532-4583
969,2026-03-26 22:48:25.124277+00:00,2026-03-26 22:49:25.124277+00:00,0.0541945695364264,49.2890625,1.24,0.0768219920828521,0.0500633626725419,60,v20260326-204532-4583
970,2026-03-26 22:48:35.117117+00:00,2026-03-26 22:49:35.117117+00:00,0.0603431085043944,49.2890625,1.28,0.0780890411904073,0.6830663393756322,60,v20260326-204532-4583
971,2026-03-26 22:48:40.100049+00:00,2026-03-26 22:49:40.100049+00:00,0.0603431085043944,49.2890625,1.32,0.0741588948143488,0.6830663393756322,60,v20260326-204532-4583
972,2026-03-26 22:48:55.140528+00:00,2026-03-26 22:49:55.140528+00:00,0.0615620955699411,49.2890625,1.36,0.0691960640784405,1.5674971119806047,60,v20260326-204532-4583
973,2026-03-26 22:49:00.074518+00:00,2026-03-26 22:50:00.074518+00:00,0.0615620955699411,49.2890625,1.4,0.0661909536784359,1.5674971119806047,60,v20260326-204532-4583
974,2026-03-26 22:49:05.077013+00:00,2026-03-26 22:50:05.077013+00:00,0.0603539698868284,49.53515625,1.32,0.058960565501858,1.1228090499910912,60,v20260326-204532-4583
975,2026-03-26 22:49:10.081715+00:00,2026-03-26 22:50:10.081715+00:00,0.0452141765407174,49.53515625,1.28,0.0537593922736854,1.5659091394975937,60,v20260326-204532-4583
976,2026-03-26 22:49:15.083210+00:00,2026-03-26 22:50:15.083210+00:00,0.0351350635696171,49.53515625,1.2000000000000002,0.0498496657610783,1.094048518795652,60,v20260326-204532-4583
977,2026-03-26 22:49:25.100020+00:00,2026-03-26 22:50:25.100020+00:00,0.0500633626725419,50.046875,1.16,0.0553928921745784,0.8498681662534173,60,v20260326-204532-4583
978,2026-03-26 22:49:45.112046+00:00,2026-03-26 22:50:45.112046+00:00,0.6830663393756322,50.65234375,17.16,1.8866209810396957,0.0340769690178016,60,v20260326-204532-4583
979,2026-03-26 22:49:55.096111+00:00,2026-03-26 22:50:55.096111+00:00,1.5674971119806047,50.64453125,27.56,3.189808173763443,0.0583328532653986,60,v20260326-204532-4583
980,2026-03-26 22:50:00.069648+00:00,2026-03-26 22:51:00.069648+00:00,1.5674971119806047,50.64453125,27.44,1.998288767389529,0.0583328532653986,60,v20260326-204532-4583
981,2026-03-26 22:50:05.083737+00:00,2026-03-26 22:51:05.083737+00:00,1.1228090499910912,50.41015625,27.360000000000003,1.556804731119732,0.0558181224243486,60,v20260326-204532-4583
982,2026-03-26 22:50:10.087393+00:00,2026-03-26 22:51:10.087393+00:00,1.5659091394975937,50.41015625,27.4,1.5818342220142256,0.0558181224243486,60,v20260326-204532-4583
983,2026-03-26 22:50:15.068095+00:00,2026-03-26 22:51:15.068095+00:00,1.094048518795652,50.41015625,24.92,1.1913944336817162,0.0558181224243486,60,v20260326-204532-4583
984,2026-03-26 22:50:25.111731+00:00,2026-03-26 22:51:25.111731+00:00,0.8498681662534173,49.55078125,14.48,0.6014357059284164,0.052910298707099,60,v20260326-204532-4583
985,2026-03-26 22:50:30.094924+00:00,2026-03-26 22:51:30.094924+00:00,0.8498681662534173,49.55078125,9.28,0.5623545830295789,0.0390081177218087,60,v20260326-204532-4583
986,2026-03-26 22:50:35.046677+00:00,2026-03-26 22:51:35.046677+00:00,0.0445917447777813,49.3046875,4.04,0.0596766744223055,0.0301862072507117,60,v20260326-204532-4583
987,2026-03-26 22:50:40.065619+00:00,2026-03-26 22:51:40.065619+00:00,0.0438605718921601,49.3046875,1.32,0.0295805017571981,0.0517846867477004,60,v20260326-204532-4583
988,2026-03-26 22:50:45.058076+00:00,2026-03-26 22:51:45.058076+00:00,0.0340769690178016,49.3046875,1.28,0.0291100257975175,0.0517846867477004,60,v20260326-204532-4583
989,2026-03-26 22:50:55.098973+00:00,2026-03-26 22:51:55.098973+00:00,0.0583328532653986,50.046875,1.2000000000000002,0.0436636212204479,0.0523659912417482,60,v20260326-204532-4583
990,2026-03-26 22:51:15.125926+00:00,2026-03-26 22:52:15.125926+00:00,0.0558181224243486,49.8046875,1.2000000000000002,0.0510956014301246,0.039309219065743,60,v20260326-204532-4583
991,2026-03-26 22:51:25.100906+00:00,2026-03-26 22:52:25.100906+00:00,0.052910298707099,50.0546875,1.2000000000000002,0.0561093043143657,0.7395865630323664,60,v20260326-204532-4583
992,2026-03-26 22:51:30.082386+00:00,2026-03-26 22:52:30.082386+00:00,0.0390081177218087,50.0546875,1.2,0.0613119919551318,1.0698886596051873,60,v20260326-204532-4583
993,2026-03-26 22:51:35.079837+00:00,2026-03-26 22:52:35.079837+00:00,0.0301862072507117,50.0546875,1.16,0.0733560409289811,1.0698886596051873,60,v20260326-204532-4583
994,2026-03-26 22:51:45.130442+00:00,2026-03-26 22:52:45.130442+00:00,0.0517846867477004,49.5546875,1.16,0.0576750086810654,0.7475916837011398,60,v20260326-204532-4583
995,2026-03-26 22:51:55.100776+00:00,2026-03-26 22:52:55.100776+00:00,0.0523659912417482,50.04296875,1.24,0.0462553454656245,0.7303625043721635,60,v20260326-204532-4583
996,2026-03-26 22:52:00.080412+00:00,2026-03-26 22:53:00.080412+00:00,0.0523659912417482,50.04296875,1.32,0.0723590799038571,0.0573933394439304,60,v20260326-204532-4583
997,2026-03-26 22:52:05.048710+00:00,2026-03-26 22:53:05.048710+00:00,0.0514130426535796,49.80078125,1.32,0.0662812383919891,0.0573933394439304,60,v20260326-204532-4583
998,2026-03-26 22:52:10.072696+00:00,2026-03-26 22:53:10.072696+00:00,0.0503466849549254,49.80078125,1.36,0.0645446754435137,0.0573933394439304,60,v20260326-204532-4583
999,2026-03-26 22:52:15.065133+00:00,2026-03-26 22:53:15.065133+00:00,0.039309219065743,49.80078125,5.840000000000001,0.197219795638307,0.0586268519229209,60,v20260326-204532-4583
1000,2026-03-26 22:52:25.111954+00:00,2026-03-26 22:53:25.111954+00:00,0.7395865630323664,51.37890625,15.0,1.005870093074957,0.0424898109311369,60,v20260326-204532-4583
1001,2026-03-26 22:52:35.123884+00:00,2026-03-26 22:53:35.123884+00:00,1.0698886596051873,51.90234375,24.08,1.5538603415119097,0.0554434362479416,60,v20260326-204532-4583
1002,2026-03-26 22:52:40.078099+00:00,2026-03-26 22:53:40.078099+00:00,0.9719836058083572,51.90234375,21.56,0.998004993179708,0.0554434362479416,60,v20260326-204532-4583
1003,2026-03-26 22:52:45.052371+00:00,2026-03-26 22:53:45.052371+00:00,0.7475916837011398,51.90234375,17.0,0.6478118702255875,0.0439669253513462,60,v20260326-204532-4583
1004,2026-03-26 22:52:55.098439+00:00,2026-03-26 22:53:55.098439+00:00,0.7303625043721635,49.58984375,7.680000000000001,0.4045667740662089,0.0569971303695127,60,v20260326-204532-4583
1005,2026-03-26 22:53:05.122913+00:00,2026-03-26 22:54:05.122913+00:00,0.0573933394439304,50.32421875,1.24,0.0340073376933086,0.0397107456182481,60,v20260326-204532-4583
1006,2026-03-26 22:53:10.063581+00:00,2026-03-26 22:54:10.063581+00:00,0.0573933394439304,50.32421875,1.32,0.0530131178355996,0.0544552026455602,60,v20260326-204532-4583
1007,2026-03-26 22:53:15.071847+00:00,2026-03-26 22:54:15.071847+00:00,0.0586268519229209,49.33203125,1.32,0.0706008330218623,0.0544552026455602,60,v20260326-204532-4583
1008,2026-03-26 22:53:20.091118+00:00,2026-03-26 22:54:20.091118+00:00,0.0586268519229209,49.33203125,1.4,0.0958581381795311,0.0558108535967697,60,v20260326-204532-4583
1009,2026-03-26 22:53:25.051046+00:00,2026-03-26 22:54:25.051046+00:00,0.0424898109311369,49.33203125,1.32,0.084051224988136,0.0558108535967697,60,v20260326-204532-4583
1010,2026-03-26 22:53:35.108644+00:00,2026-03-26 22:54:35.108644+00:00,0.0554434362479416,49.82421875,1.24,0.0706415101929112,0.0558108535967697,60,v20260326-204532-4583
1011,2026-03-26 22:53:40.066466+00:00,2026-03-26 22:54:40.066466+00:00,0.0554434362479416,49.82421875,1.24,0.0624359410068197,0.0322098821396025,60,v20260326-204532-4583
1012,2026-03-26 22:53:45.071127+00:00,2026-03-26 22:54:45.071127+00:00,0.0439669253513462,49.34375,1.2000000000000002,0.0528765480727594,0.0322098821396025,60,v20260326-204532-4583
1013,2026-03-26 22:53:50.077816+00:00,2026-03-26 22:54:50.077816+00:00,0.0431657976560146,49.34375,1.24,0.054670624926302,0.0023907822316242,60,v20260326-204532-4583
1014,2026-03-26 22:53:55.051479+00:00,2026-03-26 22:54:55.051479+00:00,0.0569971303695127,49.3359375,1.24,0.0810760814279107,0.0023907822316242,60,v20260326-204532-4583
1015,2026-03-26 22:54:00.077897+00:00,2026-03-26 22:55:00.077897+00:00,0.0564768355241985,49.3359375,1.24,0.0567629223424084,0.0023907822316242,60,v20260326-204532-4583
1016,2026-03-26 22:54:05.051969+00:00,2026-03-26 22:55:05.051969+00:00,0.0397107456182481,49.3359375,1.24,0.057241210482212,0.0023907822316242,60,v20260326-204532-4583
1017,2026-03-26 22:54:15.123780+00:00,2026-03-26 22:55:15.123780+00:00,0.0544552026455602,49.5859375,1.2000000000000002,0.0563301551674702,0.00181479837397,60,v20260326-204532-4583
1018,2026-03-26 22:54:25.119183+00:00,2026-03-26 22:55:25.119183+00:00,0.0558108535967697,49.57421875,1.2000000000000002,0.0561748087291537,0.0024686532241364,60,v20260326-204532-4583
1019,2026-03-26 22:54:30.078848+00:00,2026-03-26 22:55:30.078848+00:00,0.0558108535967697,49.57421875,1.24,0.059226512369517,0.0024686532241364,60,v20260326-204532-4583
1020,2026-03-26 22:54:45.146314+00:00,2026-03-26 22:55:45.146314+00:00,0.0322098821396025,49.83203125,0.64,0.022624275895501,0.0024777091712562,60,v20260326-204532-4583
1021,2026-03-26 22:54:55.129372+00:00,2026-03-26 22:55:55.129372+00:00,0.0023907822316242,49.328125,0.28,0.002593471841132,0.0024970381917338,60,v20260326-204532-4583
1022,2026-03-26 22:55:00.075696+00:00,2026-03-26 22:56:00.075696+00:00,0.0023907822316242,49.328125,0.32,0.0035159416569526,0.0024970381917338,60,v20260326-204532-4583
1023,2026-03-26 22:55:15.147939+00:00,2026-03-26 22:56:15.147939+00:00,0.00181479837397,49.328125,0.28,0.0029939203389077,0.0016231187748919,60,v20260326-204532-4583
1024,2026-03-26 22:55:25.091980+00:00,2026-03-26 22:56:25.091980+00:00,0.0024686532241364,49.57421875,0.28,0.0036788127429969,0.0025061586036951,60,v20260326-204532-4583
1025,2026-03-26 22:55:30.083172+00:00,2026-03-26 22:56:30.083172+00:00,0.0024686532241364,49.57421875,0.32,0.0049002272451105,0.0025061586036951,60,v20260326-204532-4583
1026,2026-03-26 22:55:45.145180+00:00,2026-03-26 22:56:45.145180+00:00,0.0024777091712562,49.328125,0.28,0.0043990469541723,0.002417248642054,60,v20260326-204532-4583
1027,2026-03-26 22:55:55.098629+00:00,2026-03-26 22:56:55.098629+00:00,0.0024970381917338,49.328125,0.28,0.0042934290196148,0.0024478599987159,60,v20260326-204532-4583
1028,2026-03-26 22:56:00.065952+00:00,2026-03-26 22:57:00.065952+00:00,0.0024970381917338,49.328125,0.32,0.0052120417778977,0.0024478599987159,60,v20260326-204532-4583
1029,2026-03-26 22:56:05.069660+00:00,2026-03-26 22:57:05.069660+00:00,0.0024005897873574,49.328125,0.28,0.0040596774567697,0.0024478599987159,60,v20260326-204532-4583
1030,2026-03-26 22:56:10.058275+00:00,2026-03-26 22:57:10.058275+00:00,0.0024005897873574,49.328125,0.32,0.0041670016266108,0.0025395732119718,60,v20260326-204532-4583
1031,2026-03-26 22:56:15.047950+00:00,2026-03-26 22:57:15.047950+00:00,0.0016231187748919,49.328125,0.28,0.0021343710972881,0.0025395732119718,60,v20260326-204532-4583
1032,2026-03-26 22:56:25.094474+00:00,2026-03-26 22:57:25.094474+00:00,0.0025061586036951,49.328125,0.28,0.0023442470380012,0.0025395732119718,60,v20260326-204532-4583
1033,2026-03-26 22:56:45.084211+00:00,2026-03-26 22:57:45.084211+00:00,0.002417248642054,49.328125,0.28,0.0023371140703389,0.0025265909090938,60,v20260326-204532-4583
1034,2026-03-26 22:57:05.116537+00:00,2026-03-26 22:58:05.116537+00:00,0.0024478599987159,49.328125,0.28,0.002374365907258,0.002443046456226,60,v20260326-204532-4583
1035,2026-03-26 22:57:15.107071+00:00,2026-03-26 22:58:15.107071+00:00,0.0025395732119718,49.578125,0.28,0.0024586183760673,0.0022415396952617,60,v20260326-204532-4583
1036,2026-03-26 22:57:20.073122+00:00,2026-03-26 22:58:20.073122+00:00,0.0025395732119718,49.578125,0.32,0.0029980864422996,0.0022415396952617,60,v20260326-204532-4583
1037,2026-03-26 22:57:35.136895+00:00,2026-03-26 22:58:35.136895+00:00,0.0024515826250071,49.328125,0.28,0.0023667283010927,0.0015974706228231,60,v20260326-204532-4583
1038,2026-03-26 22:57:55.074523+00:00,2026-03-26 22:58:55.074523+00:00,0.0025265909090938,49.57421875,0.28,0.0024465455277157,0.0015974706228231,60,v20260326-204532-4583
1039,2026-03-26 22:58:05.085511+00:00,2026-03-26 22:59:05.085511+00:00,0.002443046456226,49.328125,0.28,0.0024535448534158,0.0015974706228231,60,v20260326-204532-4583
1040,2026-03-26 22:58:10.117744+00:00,2026-03-26 22:59:10.117744+00:00,0.002443046456226,49.328125,0.32,0.0030105580987701,0.0015974706228231,60,v20260326-204532-4583
1041,2026-03-26 22:58:15.067867+00:00,2026-03-26 22:59:15.067867+00:00,0.0022415396952617,49.328125,0.28,0.0023116292286536,0.0015974706228231,60,v20260326-204532-4583
1042,2026-03-26 22:58:20.074073+00:00,2026-03-26 22:59:20.074073+00:00,0.0022415396952617,49.328125,0.32,0.0028154439609443,0.0015974706228231,60,v20260326-204532-4583
1043,2026-03-26 22:58:25.106503+00:00,2026-03-26 22:59:25.106503+00:00,0.0015974706228231,49.328125,0.28,0.0021666175975784,0.0015974706228231,60,v20260326-204532-4583
3523,2026-03-26 22:58:30.106503+00:00,2026-03-26 22:59:30.106503+00:00,0.0024882210165533,50.421875,0.6000000000000001,0.0019348873560069,0.0024083686440208,60,v20260326-204532-4583
3524,2026-03-26 22:58:35.056530+00:00,2026-03-26 22:59:35.056530+00:00,0.0024882210165533,50.421875,0.360014400576023,0.0017735098285921,0.0018733494507881,60,v20260326-204532-4583
3525,2026-03-26 22:58:40.051497+00:00,2026-03-26 22:59:40.051497+00:00,0.0017478093827276,50.421875,0.32,0.0020462826684698,0.0018733494507881,60,v20260326-204532-4583
3526,2026-03-26 22:58:50.089663+00:00,2026-03-26 22:59:50.089663+00:00,0.0025335559896233,50.9140625,0.3199872005119795,0.0026173158397732,0.0024992193919757,60,v20260326-204532-4583
3527,2026-03-26 22:59:00.088468+00:00,2026-03-26 23:00:00.088468+00:00,0.0025533943261533,50.921875,0.3199872005119795,0.0024153808553954,0.0024664058513736,60,v20260326-204532-4583
3528,2026-03-26 22:59:05.056023+00:00,2026-03-26 23:00:05.056023+00:00,0.0025533943261533,50.921875,0.28,0.0021037570691864,0.0018310397525036,60,v20260326-204532-4583
3529,2026-03-26 22:59:10.056580+00:00,2026-03-26 23:00:10.056580+00:00,0.0017819474782486,50.421875,0.3200128005120204,0.0023782656513048,0.005109258636426,60,v20260326-204532-4583
3530,2026-03-26 22:59:15.061346+00:00,2026-03-26 23:00:15.061346+00:00,0.0023813276469981,50.421875,0.2800112004480179,0.0023051470082846,0.005109258636426,60,v20260326-204532-4583
3531,2026-03-26 22:59:20.033164+00:00,2026-03-26 23:00:20.033164+00:00,0.001518016997373,50.421875,0.32,0.0021063829298418,0.0059935786592209,60,v20260326-204532-4583
3532,2026-03-26 22:59:30.095459+00:00,2026-03-26 23:00:30.095459+00:00,0.0024083686440208,50.42578125,0.32,0.0023737303263723,0.056716328623488,60,v20260326-204532-4583
3533,2026-03-26 22:59:40.102180+00:00,2026-03-26 23:00:40.102180+00:00,0.0018733494507881,50.671875,0.32,0.0021802447373307,0.04105672714884,60,v20260326-204532-4583
3534,2026-03-26 22:59:45.049546+00:00,2026-03-26 23:00:45.049546+00:00,0.0024434992836367,50.671875,0.2799888004479821,0.0020710298476484,0.058043015690733,60,v20260326-204532-4583
3535,2026-03-26 22:59:50.039946+00:00,2026-03-26 23:00:50.039946+00:00,0.0024992193919757,50.42578125,0.32,0.0026405500154914,0.058043015690733,60,v20260326-204532-4583
3536,2026-03-26 22:59:55.051088+00:00,2026-03-26 23:00:55.051088+00:00,0.0025464621926081,50.42578125,0.28,0.0022940777527158,0.0385376602678622,60,v20260326-204532-4583
3537,2026-03-26 23:00:00.025710+00:00,2026-03-26 23:01:00.025710+00:00,0.0024664058513736,50.42578125,0.3199872005119795,0.0028076960453302,0.0538316255737603,60,v20260326-204532-4583
3538,2026-03-26 23:00:05.059104+00:00,2026-03-26 23:01:05.059104+00:00,0.0018310397525036,50.42578125,0.28,0.0021935903417738,0.0538316255737603,60,v20260326-204532-4583
3539,2026-03-26 23:00:10.112288+00:00,2026-03-26 23:01:10.112288+00:00,0.005109258636426,50.92578125,0.3200128005120204,0.0043877478435258,0.0538316255737603,60,v20260326-204532-4583
3540,2026-03-26 23:00:15.063074+00:00,2026-03-26 23:01:15.063074+00:00,0.005109258636426,50.92578125,0.3999840006399744,0.0067031587041099,0.0594296801504768,60,v20260326-204532-4583
3541,2026-03-26 23:00:20.084848+00:00,2026-03-26 23:01:20.084848+00:00,0.0059935786592209,50.92578125,0.6799999999999999,0.012544971291453,0.0594296801504768,60,v20260326-204532-4583
3542,2026-03-26 23:00:25.047580+00:00,2026-03-26 23:01:25.047580+00:00,0.0046923780638112,50.92578125,0.8,0.0100846573843032,0.0420999854185977,60,v20260326-204532-4583
3543,2026-03-26 23:00:30.046155+00:00,2026-03-26 23:01:30.046155+00:00,0.056716328623488,50.4296875,1.04,0.0906401805053149,0.0580047685604253,60,v20260326-204532-4583
3544,2026-03-26 23:00:35.060239+00:00,2026-03-26 23:01:35.060239+00:00,0.056716328623488,50.4296875,1.1999520019199232,0.0764698742744299,0.0580047685604253,60,v20260326-204532-4583
3545,2026-03-26 23:00:40.063821+00:00,2026-03-26 23:01:40.063821+00:00,0.04105672714884,50.4296875,1.3200528021120843,0.0613802820345872,0.054801927860661,60,v20260326-204532-4583
3546,2026-03-26 23:00:45.053372+00:00,2026-03-26 23:01:45.053372+00:00,0.058043015690733,50.4296875,1.1999520019199232,0.0402121208520549,0.054801927860661,60,v20260326-204532-4583
3547,2026-03-26 23:00:50.056448+00:00,2026-03-26 23:01:50.056448+00:00,0.058043015690733,50.4296875,1.28,0.0448168374627319,0.054801927860661,60,v20260326-204532-4583
3548,2026-03-26 23:00:55.050310+00:00,2026-03-26 23:01:55.050310+00:00,0.0385376602678622,50.4296875,1.2000000000000002,0.0361752519417497,0.0556313037968124,60,v20260326-204532-4583
3549,2026-03-26 23:01:00.083021+00:00,2026-03-26 23:02:00.083021+00:00,0.0538316255737603,50.921875,1.2400496019840792,0.0478757368041769,0.0556313037968124,60,v20260326-204532-4583
3550,2026-03-26 23:01:05.058737+00:00,2026-03-26 23:02:05.058737+00:00,0.0538316255737603,50.921875,1.2399504019839207,0.0507755161209023,0.0556313037968124,60,v20260326-204532-4583
3551,2026-03-26 23:01:20.164630+00:00,2026-03-26 23:02:20.164630+00:00,0.0594296801504768,50.921875,1.32,0.0609064020797797,0.0519010309277969,60,v20260326-204532-4583
3552,2026-03-26 23:01:25.064162+00:00,2026-03-26 23:02:25.064162+00:00,0.0420999854185977,50.921875,1.32,0.0542559418635738,0.0519010309277969,60,v20260326-204532-4583
3553,2026-03-26 23:01:30.083849+00:00,2026-03-26 23:02:30.083849+00:00,0.0580047685604253,50.6796875,1.3200528021120843,0.0580869844296355,0.0572468860900945,60,v20260326-204532-4583
3554,2026-03-26 23:01:35.054507+00:00,2026-03-26 23:02:35.054507+00:00,0.0580047685604253,50.6796875,1.3199472021119156,0.0577303411164153,0.0572468860900945,60,v20260326-204532-4583
3555,2026-03-26 23:01:40.054374+00:00,2026-03-26 23:02:40.054374+00:00,0.054801927860661,50.68359375,1.32,0.0575957743325708,0.0572468860900945,60,v20260326-204532-4583
3556,2026-03-26 23:01:45.060647+00:00,2026-03-26 23:02:45.060647+00:00,0.054801927860661,50.68359375,1.2799488020479182,0.055256800544315,0.4602419983938851,60,v20260326-204532-4583
3557,2026-03-26 23:01:50.059588+00:00,2026-03-26 23:02:50.059588+00:00,0.054801927860661,50.68359375,1.24,0.0530777847852899,0.4602419983938851,60,v20260326-204532-4583
3558,2026-03-26 23:02:00.135055+00:00,2026-03-26 23:03:00.135055+00:00,0.0556313037968124,50.67578125,1.2000480019200768,0.0516545175718648,1.504160018937238,60,v20260326-204532-4583
3559,2026-03-26 23:02:05.048131+00:00,2026-03-26 23:03:05.048131+00:00,0.0556313037968124,50.67578125,1.1599536018559258,0.0511430291857182,1.504160018937238,60,v20260326-204532-4583
3560,2026-03-26 23:02:20.155443+00:00,2026-03-26 23:03:20.155443+00:00,0.0519010309277969,50.42578125,1.2,0.0552414257580066,1.067299967917848,60,v20260326-204532-4583
3561,2026-03-26 23:02:25.046164+00:00,2026-03-26 23:03:25.046164+00:00,0.0519010309277969,50.42578125,1.16,0.0539204459829032,1.067299967917848,60,v20260326-204532-4583
3562,2026-03-26 23:02:30.071463+00:00,2026-03-26 23:03:30.071463+00:00,0.0572468860900945,50.92578125,1.28,0.0641958663591673,1.067299967917848,60,v20260326-204532-4583
3563,2026-03-26 23:02:35.056513+00:00,2026-03-26 23:03:35.056513+00:00,0.0572468860900945,50.92578125,1.28,0.0621481282385098,0.0592863994884105,60,v20260326-204532-4583
3564,2026-03-26 23:02:40.055982+00:00,2026-03-26 23:03:40.055982+00:00,0.0572468860900945,50.92578125,1.3199472021119156,0.0633555760116913,0.0592863994884105,60,v20260326-204532-4583
3565,2026-03-26 23:02:50.137366+00:00,2026-03-26 23:03:50.137366+00:00,0.4602419983938851,51.98828125,9.64,0.9314108246853342,0.0508685256668713,60,v20260326-204532-4583
3566,2026-03-26 23:02:55.064747+00:00,2026-03-26 23:03:55.064747+00:00,0.4602419983938851,51.98828125,14.640585623424936,1.0634710627665611,0.0508685256668713,60,v20260326-204532-4583
3567,2026-03-26 23:03:00.040991+00:00,2026-03-26 23:04:00.040991+00:00,1.504160018937238,51.7578125,19.6,1.6180085029984486,0.0508685256668713,60,v20260326-204532-4583
3568,2026-03-26 23:03:05.062215+00:00,2026-03-26 23:04:05.062215+00:00,1.504160018937238,51.7578125,24.680000000000003,1.8071359229820847,0.0489926978817506,60,v20260326-204532-4583
3569,2026-03-26 23:03:10.120895+00:00,2026-03-26 23:04:10.120895+00:00,1.504160018937238,51.7578125,26.641065642625705,1.795898036926752,0.0489926978817506,60,v20260326-204532-4583
3570,2026-03-26 23:03:20.076722+00:00,2026-03-26 23:04:20.076722+00:00,1.067299967917848,51.2265625,20.72,1.1654563298254996,0.0534512682174567,60,v20260326-204532-4583
3571,2026-03-26 23:03:25.063362+00:00,2026-03-26 23:04:25.063362+00:00,1.067299967917848,51.2265625,15.72,0.8916682446851432,0.0433283472400673,60,v20260326-204532-4583
3572,2026-03-26 23:03:40.171890+00:00,2026-03-26 23:04:40.171890+00:00,0.0592863994884105,50.921875,1.5600624024960996,0.0361372544065663,0.0551846584285201,60,v20260326-204532-4583
3573,2026-03-26 23:04:00.126900+00:00,2026-03-26 23:05:00.126900+00:00,0.0508685256668713,51.171875,1.2,0.0437083566600669,0.054844122290854,60,v20260326-204532-4583
3574,2026-03-26 23:04:10.121289+00:00,2026-03-26 23:05:10.121289+00:00,0.0489926978817506,50.42578125,1.1999520019199232,0.0591871653139716,0.0557542112037784,60,v20260326-204532-4583
3575,2026-03-26 23:04:15.052362+00:00,2026-03-26 23:05:15.052362+00:00,0.0489926978817506,50.42578125,1.2000000000000002,0.0664675552751517,0.0557542112037784,60,v20260326-204532-4583
3576,2026-03-26 23:04:20.055679+00:00,2026-03-26 23:05:20.055679+00:00,0.0534512682174567,50.67578125,1.28,0.0684938486817638,1.1993593397290154,60,v20260326-204532-4583
3577,2026-03-26 23:04:25.049765+00:00,2026-03-26 23:05:25.049765+00:00,0.0433283472400673,50.67578125,1.2000000000000002,0.0506755182506421,1.199359339729015,60,v20260326-204532-4583
3578,2026-03-26 23:04:30.057954+00:00,2026-03-26 23:05:30.057954+00:00,0.0609943417578724,50.67578125,1.28,0.0555827841649419,1.199359339729015,60,v20260326-204532-4583
3579,2026-03-26 23:04:35.044281+00:00,2026-03-26 23:05:35.044281+00:00,0.0404392485854694,50.67578125,1.2400496019840794,0.0469991444561435,1.611177147319114,60,v20260326-204532-4583
3580,2026-03-26 23:04:40.082566+00:00,2026-03-26 23:05:40.082566+00:00,0.0551846584285201,50.92578125,1.2799488020479182,0.0547147445967453,1.611177147319114,60,v20260326-204532-4583
3581,2026-03-26 23:04:45.055486+00:00,2026-03-26 23:05:45.055486+00:00,0.0551846584285201,50.92578125,1.24,0.0531397242663199,1.6111771473191137,60,v20260326-204532-4583
3582,2026-03-26 23:04:50.067817+00:00,2026-03-26 23:05:50.067817+00:00,0.054844122290854,50.921875,1.2799488020479182,0.0571731025349162,1.6111771473191137,60,v20260326-204532-4583
3583,2026-03-26 23:04:55.032277+00:00,2026-03-26 23:05:55.032277+00:00,0.054844122290854,50.921875,1.2000000000000002,0.052191900306305,1.4353950887964206,60,v20260326-204532-4583
3584,2026-03-26 23:05:00.041781+00:00,2026-03-26 23:06:00.041781+00:00,0.054844122290854,50.921875,1.2399504019839207,0.0558769516016166,1.4353950887964206,60,v20260326-204532-4583
3585,2026-03-26 23:05:10.120393+00:00,2026-03-26 23:06:10.120393+00:00,0.0557542112037784,50.42578125,1.24,0.056438672818648,0.086619686031781,60,v20260326-204532-4583
3586,2026-03-26 23:05:15.059880+00:00,2026-03-26 23:06:15.059880+00:00,0.0557542112037784,50.42578125,4.320172806912277,0.1476443693859671,0.086619686031781,60,v20260326-204532-4583
3587,2026-03-26 23:05:20.064138+00:00,2026-03-26 23:06:20.064138+00:00,1.1993593397290154,51.78515625,9.64,2.4200599521941024,0.086619686031781,60,v20260326-204532-4583
3588,2026-03-26 23:05:25.045067+00:00,2026-03-26 23:06:25.045067+00:00,1.199359339729015,51.78515625,14.760590423616945,2.2059978334062214,0.0582783930345451,60,v20260326-204532-4583
3589,2026-03-26 23:05:30.138701+00:00,2026-03-26 23:06:30.138701+00:00,1.199359339729015,51.78515625,20.28,2.3235814320042083,0.0582783930345451,60,v20260326-204532-4583
3590,2026-03-26 23:05:40.102726+00:00,2026-03-26 23:06:40.102726+00:00,1.611177147319114,51.2890625,28.08,2.6318764684049274,0.0592797643837986,60,v20260326-204532-4583
3591,2026-03-26 23:05:45.050376+00:00,2026-03-26 23:06:45.050376+00:00,1.6111771473191137,51.2890625,28.0,1.6942026479746546,0.0592797643837986,60,v20260326-204532-4583
3592,2026-03-26 23:06:00.166200+00:00,2026-03-26 23:07:00.166200+00:00,1.4353950887964206,50.53515625,22.12,0.7890829118780647,0.0624699240803192,60,v20260326-204532-4583
3593,2026-03-26 23:06:05.060025+00:00,2026-03-26 23:07:05.060025+00:00,1.4353950887964206,50.53515625,16.6,0.6141974540638026,0.0397600243463204,60,v20260326-204532-4583
3594,2026-03-26 23:06:10.038743+00:00,2026-03-26 23:07:10.038743+00:00,0.086619686031781,51.17578125,11.439542418303269,0.0554283784277338,0.0540337488597987,60,v20260326-204532-4583
3595,2026-03-26 23:06:15.056415+00:00,2026-03-26 23:07:15.056415+00:00,0.086619686031781,51.17578125,5.92,0.0340657307050375,0.0540337488597987,60,v20260326-204532-4583
3596,2026-03-26 23:06:20.048578+00:00,2026-03-26 23:07:20.048578+00:00,0.086619686031781,51.17578125,1.64,0.0355108880134465,0.0540337488597987,60,v20260326-204532-4583
3597,2026-03-26 23:06:30.103597+00:00,2026-03-26 23:07:30.103597+00:00,0.0582783930345451,50.921875,1.32,0.0420621326604016,0.0583642826674274,60,v20260326-204532-4583
3598,2026-03-26 23:06:35.058649+00:00,2026-03-26 23:07:35.058649+00:00,0.0582783930345451,50.921875,1.28,0.0574153719043258,0.0583642826674274,60,v20260326-204532-4583
3599,2026-03-26 23:06:40.078746+00:00,2026-03-26 23:07:40.078746+00:00,0.0592797643837986,50.67578125,1.359945602175913,0.0725719629767765,0.0540217391304741,60,v20260326-204532-4583
3600,2026-03-26 23:06:45.060188+00:00,2026-03-26 23:07:45.060188+00:00,0.0592797643837986,50.67578125,1.36,0.072866354573626,0.0540217391304741,60,v20260326-204532-4583
3601,2026-03-26 23:06:50.058833+00:00,2026-03-26 23:07:50.058833+00:00,0.0604900483733873,50.42578125,1.4,0.0712169804364277,0.0540217391304741,60,v20260326-204532-4583
3602,2026-03-26 23:06:55.032564+00:00,2026-03-26 23:07:55.032564+00:00,0.0446805720330469,50.42578125,1.3199472021119156,0.0567972321575135,0.4491527413000117,60,v20260326-204532-4583
3603,2026-03-26 23:07:00.041319+00:00,2026-03-26 23:08:00.041319+00:00,0.0624699240803192,50.42578125,1.360054402176087,0.0606074454578064,0.4491527413000117,60,v20260326-204532-4583
3604,2026-03-26 23:07:05.056616+00:00,2026-03-26 23:08:05.056616+00:00,0.0397600243463204,50.42578125,1.3200528021120843,0.0481891547404401,0.3347834816069854,60,v20260326-204532-4583
3605,2026-03-26 23:07:10.057314+00:00,2026-03-26 23:08:10.057314+00:00,0.0540337488597987,50.42578125,1.28,0.0519094997768931,1.3886596612683957,60,v20260326-204532-4583
3606,2026-03-26 23:07:15.038893+00:00,2026-03-26 23:08:15.038893+00:00,0.0540337488597987,50.42578125,1.2000000000000002,0.0476845736392364,1.3886596612683957,60,v20260326-204532-4583
3607,2026-03-26 23:07:30.158724+00:00,2026-03-26 23:08:30.158724+00:00,0.0583642826674274,50.42578125,1.28,0.0574518502424394,0.787535205275501,60,v20260326-204532-4583
3608,2026-03-26 23:07:35.051566+00:00,2026-03-26 23:08:35.051566+00:00,0.0583642826674274,50.42578125,1.24,0.0556679063090815,0.787535205275501,60,v20260326-204532-4583
3609,2026-03-26 23:07:40.054464+00:00,2026-03-26 23:08:40.054464+00:00,0.0540217391304741,50.671875,1.2799488020479182,0.0588261183708039,0.0488957385187514,60,v20260326-204532-4583
3610,2026-03-26 23:07:45.051322+00:00,2026-03-26 23:08:45.051322+00:00,0.0540217391304741,50.671875,1.2400496019840794,0.0569522769036915,0.0488957385187514,60,v20260326-204532-4583
3611,2026-03-26 23:07:50.075743+00:00,2026-03-26 23:08:50.075743+00:00,0.0540217391304741,50.671875,1.2399504019839207,0.0568288177122654,0.0503423569023185,60,v20260326-204532-4583
3612,2026-03-26 23:08:00.142880+00:00,2026-03-26 23:09:00.142880+00:00,0.4491527413000117,51.99609375,8.76,0.8703476974131645,0.0328312440955205,60,v20260326-204532-4583
3613,2026-03-26 23:08:05.059972+00:00,2026-03-26 23:09:05.059972+00:00,0.3347834816069854,51.99609375,13.60054402176087,0.8270538540591454,0.0595105601469689,60,v20260326-204532-4583
3614,2026-03-26 23:08:10.074230+00:00,2026-03-26 23:09:10.074230+00:00,1.3886596612683957,52.0078125,18.08,1.6856965698878796,0.0595105601469689,60,v20260326-204532-4583
3615,2026-03-26 23:08:15.060841+00:00,2026-03-26 23:09:15.060841+00:00,1.3886596612683957,52.0078125,22.720908836353452,1.8808569829744348,0.0563448911840609,60,v20260326-204532-4583
3616,2026-03-26 23:08:20.066381+00:00,2026-03-26 23:09:20.066381+00:00,1.3886596612683957,52.0078125,23.68,1.6656733767683083,0.0563448911840609,60,v20260326-204532-4583
3617,2026-03-26 23:08:30.063493+00:00,2026-03-26 23:09:30.063493+00:00,0.787535205275501,50.94140625,14.36,0.7227109128948959,0.0563448911840609,60,v20260326-204532-4583
3618,2026-03-26 23:08:35.060430+00:00,2026-03-26 23:09:35.060430+00:00,0.787535205275501,50.94140625,9.88,0.5516344352006548,0.0560902844666719,60,v20260326-204532-4583
3619,2026-03-26 23:08:40.086784+00:00,2026-03-26 23:09:40.086784+00:00,0.0488957385187514,50.4296875,5.24,0.0438817850921566,0.0560902844666719,60,v20260326-204532-4583
3620,2026-03-26 23:08:45.060065+00:00,2026-03-26 23:09:45.060065+00:00,0.0488957385187514,50.4296875,1.52,0.0250706297992592,0.0560902844666719,60,v20260326-204532-4583
3621,2026-03-26 23:08:50.074110+00:00,2026-03-26 23:09:50.074110+00:00,0.0503423569023185,50.4296875,1.2,0.032327898839547,0.0491047819878868,60,v20260326-204532-4583
3622,2026-03-26 23:08:55.058118+00:00,2026-03-26 23:09:55.058118+00:00,0.0520579980372948,50.4296875,1.1999520019199232,0.0485866396706725,0.0642957166391675,60,v20260326-204532-4583
3623,2026-03-26 23:09:00.040352+00:00,2026-03-26 23:10:00.040352+00:00,0.0328312440955205,50.4296875,1.24,0.0534622168050741,0.0600862030561274,60,v20260326-204532-4583
3624,2026-03-26 23:09:10.117535+00:00,2026-03-26 23:10:10.117535+00:00,0.0595105601469689,50.67578125,1.32,0.0693453437186777,0.0388199143304342,60,v20260326-204532-4583
3625,2026-03-26 23:09:20.133108+00:00,2026-03-26 23:10:20.133108+00:00,0.0563448911840609,50.671875,1.36,0.0624854413868052,0.0342034618573853,60,v20260326-204532-4583
3626,2026-03-26 23:09:25.047893+00:00,2026-03-26 23:10:25.047893+00:00,0.0563448911840609,50.671875,1.28,0.0551086443702619,0.0342034618573853,60,v20260326-204532-4583
3627,2026-03-26 23:09:30.045483+00:00,2026-03-26 23:10:30.045483+00:00,0.0563448911840609,50.671875,1.280051202048082,0.0561774740854478,0.0342034618573853,60,v20260326-204532-4583
3628,2026-03-26 23:09:40.136029+00:00,2026-03-26 23:10:40.136029+00:00,0.0560902844666719,50.9296875,1.28,0.0569632382497723,0.0023755012531401,60,v20260326-204532-4583
3629,2026-03-26 23:09:45.055515+00:00,2026-03-26 23:10:45.055515+00:00,0.0560902844666719,50.9296875,1.280051202048082,0.05632798893597,0.0024358640164961,60,v20260326-204532-4583
3630,2026-03-26 23:09:50.079300+00:00,2026-03-26 23:10:50.079300+00:00,0.0491047819878868,50.42578125,1.359945602175913,0.0609496149292728,0.0024358640164961,60,v20260326-204532-4583
3631,2026-03-26 23:09:55.058202+00:00,2026-03-26 23:10:55.058202+00:00,0.0642957166391675,50.42578125,1.3599456021759129,0.0618208597040344,0.0024358640164961,60,v20260326-204532-4583
3632,2026-03-26 23:10:00.050620+00:00,2026-03-26 23:11:00.050620+00:00,0.0600862030561274,50.4296875,1.32,0.0584173810191783,0.0024358640164961,60,v20260326-204532-4583
3633,2026-03-26 23:10:05.059372+00:00,2026-03-26 23:11:05.059372+00:00,0.0560940890548865,50.4296875,1.28,0.0563799489035059,0.0024799307413422,60,v20260326-204532-4583
3634,2026-03-26 23:10:10.038660+00:00,2026-03-26 23:11:10.038660+00:00,0.0388199143304342,50.4296875,1.24,0.0481902504473349,0.0024799307413422,60,v20260326-204532-4583
3635,2026-03-26 23:10:20.100137+00:00,2026-03-26 23:11:20.100137+00:00,0.0342034618573853,50.421875,0.8800000000000001,0.031972930270467,0.0014131292529741,60,v20260326-204532-4583
3636,2026-03-26 23:10:25.089613+00:00,2026-03-26 23:11:25.089613+00:00,0.0342034618573853,50.421875,0.72,0.0278253577576121,0.0018154639992145,60,v20260326-204532-4583
3637,2026-03-26 23:10:40.169665+00:00,2026-03-26 23:11:40.169665+00:00,0.0023755012531401,50.42578125,0.3200128005120204,0.0019399786631251,0.0024299094026262,60,v20260326-204532-4583
3638,2026-03-26 23:10:50.098366+00:00,2026-03-26 23:11:50.098366+00:00,0.0024358640164961,50.421875,0.32,0.0025987539551879,0.0016953412165049,60,v20260326-204532-4583
3639,2026-03-26 23:10:55.059739+00:00,2026-03-26 23:11:55.059739+00:00,0.0024358640164961,50.421875,0.28,0.002617233877229,0.0023828263250555,60,v20260326-204532-4583
3640,2026-03-26 23:11:00.055706+00:00,2026-03-26 23:12:00.055706+00:00,0.0024358640164961,50.421875,0.3199872005119795,0.0036104885259138,0.001778343000161,60,v20260326-204532-4583
3641,2026-03-26 23:11:10.114778+00:00,2026-03-26 23:12:10.114778+00:00,0.0024799307413422,50.421875,0.32,0.003790157793034,0.0025178059762772,60,v20260326-204532-4583
3642,2026-03-26 23:11:15.059451+00:00,2026-03-26 23:12:15.059451+00:00,0.0024799307413422,50.421875,0.28,0.003142165273645,0.0025178059762772,60,v20260326-204532-4583
